UserId,Username
1,Username_1
2,Username_2
3,Username_3
4,Username_4
5,Username_5
6,Username_6
7,Username_7
8,Username_8
9,Username_9
10,Username_10
11,Username_11
12,Username_12
13,Username_13
14,Username_14
15,Username_15
16,Username_16
17,Username_17
18,Username_18
19,Username_19
20,Username_20
21,Username_21
22,Username_22
23,Username_23
24,Username_24
25,Username_25
26,Username_26
27,Username_27
28,Username_28
29,Username_29
30,Username_30
31,Username_31
32,Username_32
33,Username_33
34,Username_34
35,Username_35
36,Username_36
37,Username_37
38,Username_38
39,Username_39
40,Username_40
41,Username_41
42,Username_42
43,Username_43
44,Username_44
45,Username_45
46,Username_46
47,Username_47
48,Username_48
49,Username_49
50,Username_50
51,Username_51
52,Username_52
53,Username_53
54,Username_54
55,Username_55
56,Username_56
57,Username_57
58,Username_58
59,Username_59
60,Username_60
61,Username_61
62,Username_62
63,Username_63
64,Username_64
65,Username_65
66,Username_66
67,Username_67
68,Username_68
69,Username_69
70,Username_70
71,Username_71
72,Username_72
73,Username_73
74,Username_74
75,Username_75
76,Username_76
77,Username_77
78,Username_78
79,Username_79
80,Username_80
81,Username_81
82,Username_82
83,Username_83
84,Username_84
85,Username_85
86,Username_86
87,Username_87
88,Username_88
89,Username_89
90,Username_90
91,Username_91
92,Username_92
93,Username_93
94,Username_94
95,Username_95
96,Username_96
97,Username_97
98,Username_98
99,Username_99
100,Username_100
101,Username_101
102,Username_102
103,Username_103
104,Username_104
105,Username_105
106,Username_106
107,Username_107
108,Username_108
109,Username_109
110,Username_110
111,Username_111
112,Username_112
113,Username_113
114,Username_114
115,Username_115
116,Username_116
117,Username_117
118,Username_118
119,Username_119
120,Username_120
121,Username_121
122,Username_122
123,Username_123
124,Username_124
125,Username_125
126,Username_126
127,Username_127
128,Username_128
129,Username_129
130,Username_130
131,Username_131
132,Username_132
133,Username_133
134,Username_134
135,Username_135
136,Username_136
137,Username_137
138,Username_138
139,Username_139
140,Username_140
141,Username_141
142,Username_142
143,Username_143
144,Username_144
145,Username_145
146,Username_146
147,Username_147
148,Username_148
149,Username_149
150,Username_150
151,Username_151
152,Username_152
153,Username_153
154,Username_154
155,Username_155
156,Username_156
157,Username_157
158,Username_158
159,Username_159
160,Username_160
161,Username_161
162,Username_162
163,Username_163
164,Username_164
165,Username_165
166,Username_166
167,Username_167
168,Username_168
169,Username_169
170,Username_170
171,Username_171
172,Username_172
173,Username_173
174,Username_174
175,Username_175
176,Username_176
177,Username_177
178,Username_178
179,Username_179
180,Username_180
181,Username_181
182,Username_182
183,Username_183
184,Username_184
185,Username_185
186,Username_186
187,Username_187
188,Username_188
189,Username_189
190,Username_190
191,Username_191
192,Username_192
193,Username_193
194,Username_194
195,Username_195
196,Username_196
197,Username_197
198,Username_198
199,Username_199
200,Username_200
201,Username_201
202,Username_202
203,Username_203
204,Username_204
205,Username_205
206,Username_206
207,Username_207
208,Username_208
209,Username_209
210,Username_210
211,Username_211
212,Username_212
213,Username_213
214,Username_214
215,Username_215
216,Username_216
217,Username_217
218,Username_218
219,Username_219
220,Username_220
221,Username_221
222,Username_222
223,Username_223
224,Username_224
225,Username_225
226,Username_226
227,Username_227
228,Username_228
229,Username_229
230,Username_230
231,Username_231
232,Username_232
233,Username_233
234,Username_234
235,Username_235
236,Username_236
237,Username_237
238,Username_238
239,Username_239
240,Username_240
241,Username_241
242,Username_242
243,Username_243
244,Username_244
245,Username_245
246,Username_246
247,Username_247
248,Username_248
249,Username_249
250,Username_250
251,Username_251
252,Username_252
253,Username_253
254,Username_254
255,Username_255
256,Username_256
257,Username_257
258,Username_258
259,Username_259
260,Username_260
261,Username_261
262,Username_262
263,Username_263
264,Username_264
265,Username_265
266,Username_266
267,Username_267
268,Username_268
269,Username_269
270,Username_270
271,Username_271
272,Username_272
273,Username_273
274,Username_274
275,Username_275
276,Username_276
277,Username_277
278,Username_278
279,Username_279
280,Username_280
281,Username_281
282,Username_282
283,Username_283
284,Username_284
285,Username_285
286,Username_286
287,Username_287
288,Username_288
289,Username_289
290,Username_290
291,Username_291
292,Username_292
293,Username_293
294,Username_294
295,Username_295
296,Username_296
297,Username_297
298,Username_298
299,Username_299
300,Username_300
301,Username_301
302,Username_302
303,Username_303
304,Username_304
305,Username_305
306,Username_306
307,Username_307
308,Username_308
309,Username_309
310,Username_310
311,Username_311
312,Username_312
313,Username_313
314,Username_314
315,Username_315
316,Username_316
317,Username_317
318,Username_318
319,Username_319
320,Username_320
321,Username_321
322,Username_322
323,Username_323
324,Username_324
325,Username_325
326,Username_326
327,Username_327
328,Username_328
329,Username_329
330,Username_330
331,Username_331
332,Username_332
333,Username_333
334,Username_334
335,Username_335
336,Username_336
337,Username_337
338,Username_338
339,Username_339
340,Username_340
341,Username_341
342,Username_342
343,Username_343
344,Username_344
345,Username_345
346,Username_346
347,Username_347
348,Username_348
349,Username_349
350,Username_350
351,Username_351
352,Username_352
353,Username_353
354,Username_354
355,Username_355
356,Username_356
357,Username_357
358,Username_358
359,Username_359
360,Username_360
361,Username_361
362,Username_362
363,Username_363
364,Username_364
365,Username_365
366,Username_366
367,Username_367
368,Username_368
369,Username_369
370,Username_370
371,Username_371
372,Username_372
373,Username_373
374,Username_374
375,Username_375
376,Username_376
377,Username_377
378,Username_378
379,Username_379
380,Username_380
381,Username_381
382,Username_382
383,Username_383
384,Username_384
385,Username_385
386,Username_386
387,Username_387
388,Username_388
389,Username_389
390,Username_390
391,Username_391
392,Username_392
393,Username_393
394,Username_394
395,Username_395
396,Username_396
397,Username_397
398,Username_398
399,Username_399
400,Username_400
401,Username_401
402,Username_402
403,Username_403
404,Username_404
405,Username_405
406,Username_406
407,Username_407
408,Username_408
409,Username_409
410,Username_410
411,Username_411
412,Username_412
413,Username_413
414,Username_414
415,Username_415
416,Username_416
417,Username_417
418,Username_418
419,Username_419
420,Username_420
421,Username_421
422,Username_422
423,Username_423
424,Username_424
425,Username_425
426,Username_426
427,Username_427
428,Username_428
429,Username_429
430,Username_430
431,Username_431
432,Username_432
433,Username_433
434,Username_434
435,Username_435
436,Username_436
437,Username_437
438,Username_438
439,Username_439
440,Username_440
441,Username_441
442,Username_442
443,Username_443
444,Username_444
445,Username_445
446,Username_446
447,Username_447
448,Username_448
449,Username_449
450,Username_450
451,Username_451
452,Username_452
453,Username_453
454,Username_454
455,Username_455
456,Username_456
457,Username_457
458,Username_458
459,Username_459
460,Username_460
461,Username_461
462,Username_462
463,Username_463
464,Username_464
465,Username_465
466,Username_466
467,Username_467
468,Username_468
469,Username_469
470,Username_470
471,Username_471
472,Username_472
473,Username_473
474,Username_474
475,Username_475
476,Username_476
477,Username_477
478,Username_478
479,Username_479
480,Username_480
481,Username_481
482,Username_482
483,Username_483
484,Username_484
485,Username_485
486,Username_486
487,Username_487
488,Username_488
489,Username_489
490,Username_490
491,Username_491
