mention_id,semantic_unit_id,mention_index,surface_form,char_start,char_end,ner_label,predicted_cui,predicted_score,predicted_canonical_name,label_status,gold_status
lu_14674ef2d4b3549e6e37c8d0c252638c908c429685fd1e0b21eee935b6731acf_n0001_m0,lu_14674ef2d4b3549e6e37c8d0c252638c908c429685fd1e0b21eee935b6731acf_n0001,0,Gerätekategorie | Patientenstatus,2,35,ENTITY,,,,predicted_umls_link,not_human_gold
lu_14674ef2d4b3549e6e37c8d0c252638c908c429685fd1e0b21eee935b6731acf_n0001_m1,lu_14674ef2d4b3549e6e37c8d0c252638c908c429685fd1e0b21eee935b6731acf_n0001,1,Geräteeinstellungen,38,57,ENTITY,,,,predicted_umls_link,not_human_gold
lu_14674ef2d4b3549e6e37c8d0c252638c908c429685fd1e0b21eee935b6731acf_n0001_m2,lu_14674ef2d4b3549e6e37c8d0c252638c908c429685fd1e0b21eee935b6731acf_n0001,2,Umprogrammierung prä,85,105,ENTITY,,,,predicted_umls_link,not_human_gold
lu_14674ef2d4b3549e6e37c8d0c252638c908c429685fd1e0b21eee935b6731acf_n0001_m3,lu_14674ef2d4b3549e6e37c8d0c252638c908c429685fd1e0b21eee935b6731acf_n0001,3,MRT,106,109,ENTITY,C2949870,0.9783060550689697,Medial rostrotemporal auditory cortex,predicted_umls_link,not_human_gold
lu_14674ef2d4b3549e6e37c8d0c252638c908c429685fd1e0b21eee935b6731acf_n0001_m4,lu_14674ef2d4b3549e6e37c8d0c252638c908c429685fd1e0b21eee935b6731acf_n0001,4,Rückprogrammierung post,112,135,ENTITY,,,,predicted_umls_link,not_human_gold
lu_14674ef2d4b3549e6e37c8d0c252638c908c429685fd1e0b21eee935b6731acf_n0001_m5,lu_14674ef2d4b3549e6e37c8d0c252638c908c429685fd1e0b21eee935b6731acf_n0001,5,MRT,136,139,ENTITY,C2949870,0.9783060550689697,Medial rostrotemporal auditory cortex,predicted_umls_link,not_human_gold
lu_14674ef2d4b3549e6e37c8d0c252638c908c429685fd1e0b21eee935b6731acf_n0001_m6,lu_14674ef2d4b3549e6e37c8d0c252638c908c429685fd1e0b21eee935b6731acf_n0001,6,HSM,146,149,ENTITY,C1537594,0.9596827030181885,LRRC4B gene,predicted_umls_link,not_human_gold
lu_14674ef2d4b3549e6e37c8d0c252638c908c429685fd1e0b21eee935b6731acf_n0001_m7,lu_14674ef2d4b3549e6e37c8d0c252638c908c429685fd1e0b21eee935b6731acf_n0001,7,konventionell,151,164,ENTITY,,,,predicted_umls_link,not_human_gold
lu_14674ef2d4b3549e6e37c8d0c252638c908c429685fd1e0b21eee935b6731acf_n0001_m8,lu_14674ef2d4b3549e6e37c8d0c252638c908c429685fd1e0b21eee935b6731acf_n0001,8,Absolut HSM-abhängig | D00,167,193,ENTITY,,,,predicted_umls_link,not_human_gold
lu_14674ef2d4b3549e6e37c8d0c252638c908c429685fd1e0b21eee935b6731acf_n0001_m9,lu_14674ef2d4b3549e6e37c8d0c252638c908c429685fd1e0b21eee935b6731acf_n0001,9,und zeitversetzt,216,232,ENTITY,,,,predicted_umls_link,not_human_gold
lu_14674ef2d4b3549e6e37c8d0c252638c908c429685fd1e0b21eee935b6731acf_n0001_m10,lu_14674ef2d4b3549e6e37c8d0c252638c908c429685fd1e0b21eee935b6731acf_n0001,10,möglich,233,240,ENTITY,,,,predicted_umls_link,not_human_gold
lu_14674ef2d4b3549e6e37c8d0c252638c908c429685fd1e0b21eee935b6731acf_n0001_m11,lu_14674ef2d4b3549e6e37c8d0c252638c908c429685fd1e0b21eee935b6731acf_n0001,11,jedoch,242,248,ENTITY,,,,predicted_umls_link,not_human_gold
lu_14674ef2d4b3549e6e37c8d0c252638c908c429685fd1e0b21eee935b6731acf_n0001_m12,lu_14674ef2d4b3549e6e37c8d0c252638c908c429685fd1e0b21eee935b6731acf_n0001,12,Tag wie,259,266,ENTITY,C0037293,0.700384259223938,Skin tag,predicted_umls_link,not_human_gold
lu_14674ef2d4b3549e6e37c8d0c252638c908c429685fd1e0b21eee935b6731acf_n0001_m13,lu_14674ef2d4b3549e6e37c8d0c252638c908c429685fd1e0b21eee935b6731acf_n0001,13,MRT,267,270,ENTITY,C2949870,0.9783060550689697,Medial rostrotemporal auditory cortex,predicted_umls_link,not_human_gold
lu_14674ef2d4b3549e6e37c8d0c252638c908c429685fd1e0b21eee935b6731acf_n0001_m14,lu_14674ef2d4b3549e6e37c8d0c252638c908c429685fd1e0b21eee935b6731acf_n0001,14,Unmittelbar post,273,289,ENTITY,,,,predicted_umls_link,not_human_gold
lu_14674ef2d4b3549e6e37c8d0c252638c908c429685fd1e0b21eee935b6731acf_n0001_m15,lu_14674ef2d4b3549e6e37c8d0c252638c908c429685fd1e0b21eee935b6731acf_n0001,15,MRT,290,293,ENTITY,C2949870,0.9783060550689697,Medial rostrotemporal auditory cortex,predicted_umls_link,not_human_gold
lu_14674ef2d4b3549e6e37c8d0c252638c908c429685fd1e0b21eee935b6731acf_n0001_m16,lu_14674ef2d4b3549e6e37c8d0c252638c908c429685fd1e0b21eee935b6731acf_n0001,16,Nicht,300,305,ENTITY,,,,predicted_umls_link,not_human_gold
lu_14674ef2d4b3549e6e37c8d0c252638c908c429685fd1e0b21eee935b6731acf_n0001_m17,lu_14674ef2d4b3549e6e37c8d0c252638c908c429685fd1e0b21eee935b6731acf_n0001,17,HSM-abhängig,306,318,ENTITY,,,,predicted_umls_link,not_human_gold
lu_14674ef2d4b3549e6e37c8d0c252638c908c429685fd1e0b21eee935b6731acf_n0001_m18,lu_14674ef2d4b3549e6e37c8d0c252638c908c429685fd1e0b21eee935b6731acf_n0001,18,instabiler Eigenrhythmus,320,344,ENTITY,,,,predicted_umls_link,not_human_gold
lu_14674ef2d4b3549e6e37c8d0c252638c908c429685fd1e0b21eee935b6731acf_n0001_m19,lu_14674ef2d4b3549e6e37c8d0c252638c908c429685fd1e0b21eee935b6731acf_n0001,19,stattgehabte Synkopen | D00,346,373,ENTITY,,,,predicted_umls_link,not_human_gold
lu_14674ef2d4b3549e6e37c8d0c252638c908c429685fd1e0b21eee935b6731acf_n0001_m20,lu_14674ef2d4b3549e6e37c8d0c252638c908c429685fd1e0b21eee935b6731acf_n0001,20,und zeitversetzt,396,412,ENTITY,,,,predicted_umls_link,not_human_gold
lu_14674ef2d4b3549e6e37c8d0c252638c908c429685fd1e0b21eee935b6731acf_n0001_m21,lu_14674ef2d4b3549e6e37c8d0c252638c908c429685fd1e0b21eee935b6731acf_n0001,21,möglich,413,420,ENTITY,,,,predicted_umls_link,not_human_gold
lu_14674ef2d4b3549e6e37c8d0c252638c908c429685fd1e0b21eee935b6731acf_n0001_m22,lu_14674ef2d4b3549e6e37c8d0c252638c908c429685fd1e0b21eee935b6731acf_n0001,22,jedoch,422,428,ENTITY,,,,predicted_umls_link,not_human_gold
lu_14674ef2d4b3549e6e37c8d0c252638c908c429685fd1e0b21eee935b6731acf_n0001_m23,lu_14674ef2d4b3549e6e37c8d0c252638c908c429685fd1e0b21eee935b6731acf_n0001,23,Tag wie,439,446,ENTITY,C0037293,0.700384259223938,Skin tag,predicted_umls_link,not_human_gold
lu_14674ef2d4b3549e6e37c8d0c252638c908c429685fd1e0b21eee935b6731acf_n0001_m24,lu_14674ef2d4b3549e6e37c8d0c252638c908c429685fd1e0b21eee935b6731acf_n0001,24,MRT,447,450,ENTITY,C2949870,0.9783060550689697,Medial rostrotemporal auditory cortex,predicted_umls_link,not_human_gold
lu_14674ef2d4b3549e6e37c8d0c252638c908c429685fd1e0b21eee935b6731acf_n0001_m25,lu_14674ef2d4b3549e6e37c8d0c252638c908c429685fd1e0b21eee935b6731acf_n0001,25,Unmittelbar post,453,469,ENTITY,,,,predicted_umls_link,not_human_gold
lu_14674ef2d4b3549e6e37c8d0c252638c908c429685fd1e0b21eee935b6731acf_n0001_m26,lu_14674ef2d4b3549e6e37c8d0c252638c908c429685fd1e0b21eee935b6731acf_n0001,26,MRT,470,473,ENTITY,C2949870,0.9783060550689697,Medial rostrotemporal auditory cortex,predicted_umls_link,not_human_gold
lu_14674ef2d4b3549e6e37c8d0c252638c908c429685fd1e0b21eee935b6731acf_n0001_m27,lu_14674ef2d4b3549e6e37c8d0c252638c908c429685fd1e0b21eee935b6731acf_n0001,27,Nicht,480,485,ENTITY,,,,predicted_umls_link,not_human_gold
lu_14674ef2d4b3549e6e37c8d0c252638c908c429685fd1e0b21eee935b6731acf_n0001_m28,lu_14674ef2d4b3549e6e37c8d0c252638c908c429685fd1e0b21eee935b6731acf_n0001,28,HSM-abhängig,486,498,ENTITY,,,,predicted_umls_link,not_human_gold
lu_14674ef2d4b3549e6e37c8d0c252638c908c429685fd1e0b21eee935b6731acf_n0001_m29,lu_14674ef2d4b3549e6e37c8d0c252638c908c429685fd1e0b21eee935b6731acf_n0001,29,stabiler Eigenrhythmus | Option A,500,533,ENTITY,,,,predicted_umls_link,not_human_gold
lu_14674ef2d4b3549e6e37c8d0c252638c908c429685fd1e0b21eee935b6731acf_n0001_m30,lu_14674ef2d4b3549e6e37c8d0c252638c908c429685fd1e0b21eee935b6731acf_n0001,30,Unmittelbar prä,548,563,ENTITY,,,,predicted_umls_link,not_human_gold
lu_14674ef2d4b3549e6e37c8d0c252638c908c429685fd1e0b21eee935b6731acf_n0001_m31,lu_14674ef2d4b3549e6e37c8d0c252638c908c429685fd1e0b21eee935b6731acf_n0001,31,MRT,564,567,ENTITY,C2949870,0.9783060550689697,Medial rostrotemporal auditory cortex,predicted_umls_link,not_human_gold
lu_14674ef2d4b3549e6e37c8d0c252638c908c429685fd1e0b21eee935b6731acf_n0001_m32,lu_14674ef2d4b3549e6e37c8d0c252638c908c429685fd1e0b21eee935b6731acf_n0001,32,Unmittelbar post,570,586,ENTITY,,,,predicted_umls_link,not_human_gold
lu_14674ef2d4b3549e6e37c8d0c252638c908c429685fd1e0b21eee935b6731acf_n0001_m33,lu_14674ef2d4b3549e6e37c8d0c252638c908c429685fd1e0b21eee935b6731acf_n0001,33,MRT,587,590,ENTITY,C2949870,0.9783060550689697,Medial rostrotemporal auditory cortex,predicted_umls_link,not_human_gold
lu_14674ef2d4b3549e6e37c8d0c252638c908c429685fd1e0b21eee935b6731acf_n0001_m34,lu_14674ef2d4b3549e6e37c8d0c252638c908c429685fd1e0b21eee935b6731acf_n0001,34,Option B,597,605,ENTITY,C1518601,0.8981397151947021,Options,predicted_umls_link,not_human_gold
lu_14674ef2d4b3549e6e37c8d0c252638c908c429685fd1e0b21eee935b6731acf_n0001_m35,lu_14674ef2d4b3549e6e37c8d0c252638c908c429685fd1e0b21eee935b6731acf_n0001,35,VVI,609,612,ENTITY,C0747134,0.7128303647041321,pacemaker vvi,predicted_umls_link,not_human_gold
lu_14674ef2d4b3549e6e37c8d0c252638c908c429685fd1e0b21eee935b6731acf_n0001_m36,lu_14674ef2d4b3549e6e37c8d0c252638c908c429685fd1e0b21eee935b6731acf_n0001,36,DDI,614,617,ENTITY,C0012133,0.9989861249923706,didanosine,predicted_umls_link,not_human_gold
lu_14674ef2d4b3549e6e37c8d0c252638c908c429685fd1e0b21eee935b6731acf_n0001_m37,lu_14674ef2d4b3549e6e37c8d0c252638c908c429685fd1e0b21eee935b6731acf_n0001,37,Orts- und zeitversetzt,620,642,ENTITY,,,,predicted_umls_link,not_human_gold
lu_14674ef2d4b3549e6e37c8d0c252638c908c429685fd1e0b21eee935b6731acf_n0001_m38,lu_14674ef2d4b3549e6e37c8d0c252638c908c429685fd1e0b21eee935b6731acf_n0001,38,möglich,643,650,ENTITY,,,,predicted_umls_link,not_human_gold
lu_14674ef2d4b3549e6e37c8d0c252638c908c429685fd1e0b21eee935b6731acf_n0001_m39,lu_14674ef2d4b3549e6e37c8d0c252638c908c429685fd1e0b21eee935b6731acf_n0001,39,jedoch,652,658,ENTITY,,,,predicted_umls_link,not_human_gold
lu_14674ef2d4b3549e6e37c8d0c252638c908c429685fd1e0b21eee935b6731acf_n0001_m40,lu_14674ef2d4b3549e6e37c8d0c252638c908c429685fd1e0b21eee935b6731acf_n0001,40,innerhalb,659,668,ENTITY,,,,predicted_umls_link,not_human_gold
lu_14674ef2d4b3549e6e37c8d0c252638c908c429685fd1e0b21eee935b6731acf_n0001_m41,lu_14674ef2d4b3549e6e37c8d0c252638c908c429685fd1e0b21eee935b6731acf_n0001,41,MRT,682,685,ENTITY,C2949870,0.9783060550689697,Medial rostrotemporal auditory cortex,predicted_umls_link,not_human_gold
lu_14674ef2d4b3549e6e37c8d0c252638c908c429685fd1e0b21eee935b6731acf_n0001_m42,lu_14674ef2d4b3549e6e37c8d0c252638c908c429685fd1e0b21eee935b6731acf_n0001,42,Unmittelbar post,688,704,ENTITY,,,,predicted_umls_link,not_human_gold
lu_14674ef2d4b3549e6e37c8d0c252638c908c429685fd1e0b21eee935b6731acf_n0001_m43,lu_14674ef2d4b3549e6e37c8d0c252638c908c429685fd1e0b21eee935b6731acf_n0001,43,MRT,705,708,ENTITY,C2949870,0.9783060550689697,Medial rostrotemporal auditory cortex,predicted_umls_link,not_human_gold
lu_14674ef2d4b3549e6e37c8d0c252638c908c429685fd1e0b21eee935b6731acf_n0001_m44,lu_14674ef2d4b3549e6e37c8d0c252638c908c429685fd1e0b21eee935b6731acf_n0001,44,HSM,715,718,ENTITY,C1537594,0.9596827030181885,LRRC4B gene,predicted_umls_link,not_human_gold
lu_14674ef2d4b3549e6e37c8d0c252638c908c429685fd1e0b21eee935b6731acf_n0001_m45,lu_14674ef2d4b3549e6e37c8d0c252638c908c429685fd1e0b21eee935b6731acf_n0001,45,bedingt,720,727,ENTITY,,,,predicted_umls_link,not_human_gold
lu_14674ef2d4b3549e6e37c8d0c252638c908c429685fd1e0b21eee935b6731acf_n0001_m46,lu_14674ef2d4b3549e6e37c8d0c252638c908c429685fd1e0b21eee935b6731acf_n0001,46,Absolut HSM-abhängig | D00,741,767,ENTITY,,,,predicted_umls_link,not_human_gold
lu_14674ef2d4b3549e6e37c8d0c252638c908c429685fd1e0b21eee935b6731acf_n0001_m47,lu_14674ef2d4b3549e6e37c8d0c252638c908c429685fd1e0b21eee935b6731acf_n0001,47,und zeitversetzt,790,806,ENTITY,,,,predicted_umls_link,not_human_gold
lu_14674ef2d4b3549e6e37c8d0c252638c908c429685fd1e0b21eee935b6731acf_n0001_m48,lu_14674ef2d4b3549e6e37c8d0c252638c908c429685fd1e0b21eee935b6731acf_n0001,48,möglich,807,814,ENTITY,,,,predicted_umls_link,not_human_gold
lu_14674ef2d4b3549e6e37c8d0c252638c908c429685fd1e0b21eee935b6731acf_n0001_m49,lu_14674ef2d4b3549e6e37c8d0c252638c908c429685fd1e0b21eee935b6731acf_n0001,49,jedoch,816,822,ENTITY,,,,predicted_umls_link,not_human_gold
lu_14674ef2d4b3549e6e37c8d0c252638c908c429685fd1e0b21eee935b6731acf_n0001_m50,lu_14674ef2d4b3549e6e37c8d0c252638c908c429685fd1e0b21eee935b6731acf_n0001,50,Tag wie,833,840,ENTITY,C0037293,0.700384259223938,Skin tag,predicted_umls_link,not_human_gold
lu_14674ef2d4b3549e6e37c8d0c252638c908c429685fd1e0b21eee935b6731acf_n0001_m51,lu_14674ef2d4b3549e6e37c8d0c252638c908c429685fd1e0b21eee935b6731acf_n0001,51,MRT,841,844,ENTITY,C2949870,0.9783060550689697,Medial rostrotemporal auditory cortex,predicted_umls_link,not_human_gold
lu_14674ef2d4b3549e6e37c8d0c252638c908c429685fd1e0b21eee935b6731acf_n0001_m52,lu_14674ef2d4b3549e6e37c8d0c252638c908c429685fd1e0b21eee935b6731acf_n0001,52,Orts- und zeitversetzt,847,869,ENTITY,,,,predicted_umls_link,not_human_gold
lu_14674ef2d4b3549e6e37c8d0c252638c908c429685fd1e0b21eee935b6731acf_n0001_m53,lu_14674ef2d4b3549e6e37c8d0c252638c908c429685fd1e0b21eee935b6731acf_n0001,53,möglich,870,877,ENTITY,,,,predicted_umls_link,not_human_gold
lu_14674ef2d4b3549e6e37c8d0c252638c908c429685fd1e0b21eee935b6731acf_n0001_m54,lu_14674ef2d4b3549e6e37c8d0c252638c908c429685fd1e0b21eee935b6731acf_n0001,54,jedoch,879,885,ENTITY,,,,predicted_umls_link,not_human_gold
lu_14674ef2d4b3549e6e37c8d0c252638c908c429685fd1e0b21eee935b6731acf_n0001_m55,lu_14674ef2d4b3549e6e37c8d0c252638c908c429685fd1e0b21eee935b6731acf_n0001,55,Tag wie,896,903,ENTITY,C0037293,0.700384259223938,Skin tag,predicted_umls_link,not_human_gold
lu_14674ef2d4b3549e6e37c8d0c252638c908c429685fd1e0b21eee935b6731acf_n0001_m56,lu_14674ef2d4b3549e6e37c8d0c252638c908c429685fd1e0b21eee935b6731acf_n0001,56,MRT,904,907,ENTITY,C2949870,0.9783060550689697,Medial rostrotemporal auditory cortex,predicted_umls_link,not_human_gold
lu_14674ef2d4b3549e6e37c8d0c252638c908c429685fd1e0b21eee935b6731acf_n0001_m57,lu_14674ef2d4b3549e6e37c8d0c252638c908c429685fd1e0b21eee935b6731acf_n0001,57,Nicht,914,919,ENTITY,,,,predicted_umls_link,not_human_gold
lu_14674ef2d4b3549e6e37c8d0c252638c908c429685fd1e0b21eee935b6731acf_n0001_m58,lu_14674ef2d4b3549e6e37c8d0c252638c908c429685fd1e0b21eee935b6731acf_n0001,58,HSM-abhängig,920,932,ENTITY,,,,predicted_umls_link,not_human_gold
lu_14674ef2d4b3549e6e37c8d0c252638c908c429685fd1e0b21eee935b6731acf_n0001_m59,lu_14674ef2d4b3549e6e37c8d0c252638c908c429685fd1e0b21eee935b6731acf_n0001,59,instabiler Eigenrhythmus,934,958,ENTITY,,,,predicted_umls_link,not_human_gold
lu_14674ef2d4b3549e6e37c8d0c252638c908c429685fd1e0b21eee935b6731acf_n0001_m60,lu_14674ef2d4b3549e6e37c8d0c252638c908c429685fd1e0b21eee935b6731acf_n0001,60,stattgehabte Synkopen | D00,960,987,ENTITY,,,,predicted_umls_link,not_human_gold
lu_14674ef2d4b3549e6e37c8d0c252638c908c429685fd1e0b21eee935b6731acf_n0001_m61,lu_14674ef2d4b3549e6e37c8d0c252638c908c429685fd1e0b21eee935b6731acf_n0001,61,und zeitversetzt,1010,1026,ENTITY,,,,predicted_umls_link,not_human_gold
lu_14674ef2d4b3549e6e37c8d0c252638c908c429685fd1e0b21eee935b6731acf_n0001_m62,lu_14674ef2d4b3549e6e37c8d0c252638c908c429685fd1e0b21eee935b6731acf_n0001,62,möglich,1027,1034,ENTITY,,,,predicted_umls_link,not_human_gold
lu_14674ef2d4b3549e6e37c8d0c252638c908c429685fd1e0b21eee935b6731acf_n0001_m63,lu_14674ef2d4b3549e6e37c8d0c252638c908c429685fd1e0b21eee935b6731acf_n0001,63,jedoch,1036,1042,ENTITY,,,,predicted_umls_link,not_human_gold
lu_14674ef2d4b3549e6e37c8d0c252638c908c429685fd1e0b21eee935b6731acf_n0001_m64,lu_14674ef2d4b3549e6e37c8d0c252638c908c429685fd1e0b21eee935b6731acf_n0001,64,Tag wie,1053,1060,ENTITY,C0037293,0.700384259223938,Skin tag,predicted_umls_link,not_human_gold
lu_14674ef2d4b3549e6e37c8d0c252638c908c429685fd1e0b21eee935b6731acf_n0001_m65,lu_14674ef2d4b3549e6e37c8d0c252638c908c429685fd1e0b21eee935b6731acf_n0001,65,MRT,1061,1064,ENTITY,C2949870,0.9783060550689697,Medial rostrotemporal auditory cortex,predicted_umls_link,not_human_gold
lu_14674ef2d4b3549e6e37c8d0c252638c908c429685fd1e0b21eee935b6731acf_n0001_m66,lu_14674ef2d4b3549e6e37c8d0c252638c908c429685fd1e0b21eee935b6731acf_n0001,66,Orts- und zeitversetzt,1067,1089,ENTITY,,,,predicted_umls_link,not_human_gold
lu_14674ef2d4b3549e6e37c8d0c252638c908c429685fd1e0b21eee935b6731acf_n0001_m67,lu_14674ef2d4b3549e6e37c8d0c252638c908c429685fd1e0b21eee935b6731acf_n0001,67,möglich,1090,1097,ENTITY,,,,predicted_umls_link,not_human_gold
lu_14674ef2d4b3549e6e37c8d0c252638c908c429685fd1e0b21eee935b6731acf_n0001_m68,lu_14674ef2d4b3549e6e37c8d0c252638c908c429685fd1e0b21eee935b6731acf_n0001,68,jedoch,1099,1105,ENTITY,,,,predicted_umls_link,not_human_gold
lu_14674ef2d4b3549e6e37c8d0c252638c908c429685fd1e0b21eee935b6731acf_n0001_m69,lu_14674ef2d4b3549e6e37c8d0c252638c908c429685fd1e0b21eee935b6731acf_n0001,69,Tag wie,1116,1123,ENTITY,C0037293,0.700384259223938,Skin tag,predicted_umls_link,not_human_gold
lu_14674ef2d4b3549e6e37c8d0c252638c908c429685fd1e0b21eee935b6731acf_n0001_m70,lu_14674ef2d4b3549e6e37c8d0c252638c908c429685fd1e0b21eee935b6731acf_n0001,70,MRT,1124,1127,ENTITY,C2949870,0.9783060550689697,Medial rostrotemporal auditory cortex,predicted_umls_link,not_human_gold
lu_14674ef2d4b3549e6e37c8d0c252638c908c429685fd1e0b21eee935b6731acf_n0001_m71,lu_14674ef2d4b3549e6e37c8d0c252638c908c429685fd1e0b21eee935b6731acf_n0001,71,Nicht,1134,1139,ENTITY,,,,predicted_umls_link,not_human_gold
lu_14674ef2d4b3549e6e37c8d0c252638c908c429685fd1e0b21eee935b6731acf_n0001_m72,lu_14674ef2d4b3549e6e37c8d0c252638c908c429685fd1e0b21eee935b6731acf_n0001,72,HSM-abhängig,1140,1152,ENTITY,,,,predicted_umls_link,not_human_gold
lu_14674ef2d4b3549e6e37c8d0c252638c908c429685fd1e0b21eee935b6731acf_n0001_m73,lu_14674ef2d4b3549e6e37c8d0c252638c908c429685fd1e0b21eee935b6731acf_n0001,73,stabiler Eigenrhythmus | Option A,1154,1187,ENTITY,,,,predicted_umls_link,not_human_gold
lu_14674ef2d4b3549e6e37c8d0c252638c908c429685fd1e0b21eee935b6731acf_n0001_m74,lu_14674ef2d4b3549e6e37c8d0c252638c908c429685fd1e0b21eee935b6731acf_n0001,74,Unmittelbar prä,1204,1219,ENTITY,,,,predicted_umls_link,not_human_gold
lu_14674ef2d4b3549e6e37c8d0c252638c908c429685fd1e0b21eee935b6731acf_n0001_m75,lu_14674ef2d4b3549e6e37c8d0c252638c908c429685fd1e0b21eee935b6731acf_n0001,75,MRT,1220,1223,ENTITY,C2949870,0.9783060550689697,Medial rostrotemporal auditory cortex,predicted_umls_link,not_human_gold
lu_14674ef2d4b3549e6e37c8d0c252638c908c429685fd1e0b21eee935b6731acf_n0001_m76,lu_14674ef2d4b3549e6e37c8d0c252638c908c429685fd1e0b21eee935b6731acf_n0001,76,Unmittelbar post,1226,1242,ENTITY,,,,predicted_umls_link,not_human_gold
lu_14674ef2d4b3549e6e37c8d0c252638c908c429685fd1e0b21eee935b6731acf_n0001_m77,lu_14674ef2d4b3549e6e37c8d0c252638c908c429685fd1e0b21eee935b6731acf_n0001,77,MRT,1243,1246,ENTITY,C2949870,0.9783060550689697,Medial rostrotemporal auditory cortex,predicted_umls_link,not_human_gold
lu_14674ef2d4b3549e6e37c8d0c252638c908c429685fd1e0b21eee935b6731acf_n0001_m78,lu_14674ef2d4b3549e6e37c8d0c252638c908c429685fd1e0b21eee935b6731acf_n0001,78,Option B,1253,1261,ENTITY,C1518601,0.8981397151947021,Options,predicted_umls_link,not_human_gold
lu_14674ef2d4b3549e6e37c8d0c252638c908c429685fd1e0b21eee935b6731acf_n0001_m79,lu_14674ef2d4b3549e6e37c8d0c252638c908c429685fd1e0b21eee935b6731acf_n0001,79,VVI,1265,1268,ENTITY,C0747134,0.7128303647041321,pacemaker vvi,predicted_umls_link,not_human_gold
lu_14674ef2d4b3549e6e37c8d0c252638c908c429685fd1e0b21eee935b6731acf_n0001_m80,lu_14674ef2d4b3549e6e37c8d0c252638c908c429685fd1e0b21eee935b6731acf_n0001,80,und zeitversetzt,1279,1295,ENTITY,,,,predicted_umls_link,not_human_gold
lu_14674ef2d4b3549e6e37c8d0c252638c908c429685fd1e0b21eee935b6731acf_n0001_m81,lu_14674ef2d4b3549e6e37c8d0c252638c908c429685fd1e0b21eee935b6731acf_n0001,81,möglich,1296,1303,ENTITY,,,,predicted_umls_link,not_human_gold
lu_14674ef2d4b3549e6e37c8d0c252638c908c429685fd1e0b21eee935b6731acf_n0001_m82,lu_14674ef2d4b3549e6e37c8d0c252638c908c429685fd1e0b21eee935b6731acf_n0001,82,jedoch,1305,1311,ENTITY,,,,predicted_umls_link,not_human_gold
lu_14674ef2d4b3549e6e37c8d0c252638c908c429685fd1e0b21eee935b6731acf_n0001_m83,lu_14674ef2d4b3549e6e37c8d0c252638c908c429685fd1e0b21eee935b6731acf_n0001,83,innerhalb,1312,1321,ENTITY,,,,predicted_umls_link,not_human_gold
lu_14674ef2d4b3549e6e37c8d0c252638c908c429685fd1e0b21eee935b6731acf_n0001_m84,lu_14674ef2d4b3549e6e37c8d0c252638c908c429685fd1e0b21eee935b6731acf_n0001,84,MRT,1335,1338,ENTITY,C2949870,0.9783060550689697,Medial rostrotemporal auditory cortex,predicted_umls_link,not_human_gold
lu_14674ef2d4b3549e6e37c8d0c252638c908c429685fd1e0b21eee935b6731acf_n0001_m85,lu_14674ef2d4b3549e6e37c8d0c252638c908c429685fd1e0b21eee935b6731acf_n0001,85,Orts- und zeitversetzt,1341,1363,ENTITY,,,,predicted_umls_link,not_human_gold
lu_14674ef2d4b3549e6e37c8d0c252638c908c429685fd1e0b21eee935b6731acf_n0001_m86,lu_14674ef2d4b3549e6e37c8d0c252638c908c429685fd1e0b21eee935b6731acf_n0001,86,möglich,1364,1371,ENTITY,,,,predicted_umls_link,not_human_gold
lu_14674ef2d4b3549e6e37c8d0c252638c908c429685fd1e0b21eee935b6731acf_n0001_m87,lu_14674ef2d4b3549e6e37c8d0c252638c908c429685fd1e0b21eee935b6731acf_n0001,87,jedoch,1373,1379,ENTITY,,,,predicted_umls_link,not_human_gold
lu_14674ef2d4b3549e6e37c8d0c252638c908c429685fd1e0b21eee935b6731acf_n0001_m88,lu_14674ef2d4b3549e6e37c8d0c252638c908c429685fd1e0b21eee935b6731acf_n0001,88,innerhalb,1380,1389,ENTITY,,,,predicted_umls_link,not_human_gold
lu_14674ef2d4b3549e6e37c8d0c252638c908c429685fd1e0b21eee935b6731acf_n0001_m89,lu_14674ef2d4b3549e6e37c8d0c252638c908c429685fd1e0b21eee935b6731acf_n0001,89,nach,1395,1399,ENTITY,C0870934,0.9889696836471558,nach,predicted_umls_link,not_human_gold
lu_14674ef2d4b3549e6e37c8d0c252638c908c429685fd1e0b21eee935b6731acf_n0001_m90,lu_14674ef2d4b3549e6e37c8d0c252638c908c429685fd1e0b21eee935b6731acf_n0001,90,MRT,1404,1407,ENTITY,C2949870,0.9783060550689697,Medial rostrotemporal auditory cortex,predicted_umls_link,not_human_gold
lu_14674ef2d4b3549e6e37c8d0c252638c908c429685fd1e0b21eee935b6731acf_n0001_m91,lu_14674ef2d4b3549e6e37c8d0c252638c908c429685fd1e0b21eee935b6731acf_n0001,91,ICD,1414,1417,ENTITY,C0020725,0.991557776927948,Type II Mucolipidosis,predicted_umls_link,not_human_gold
lu_14674ef2d4b3549e6e37c8d0c252638c908c429685fd1e0b21eee935b6731acf_n0001_m92,lu_14674ef2d4b3549e6e37c8d0c252638c908c429685fd1e0b21eee935b6731acf_n0001,92,"konventionell 
 ",1419,1435,ENTITY,,,,predicted_umls_link,not_human_gold
lu_14674ef2d4b3549e6e37c8d0c252638c908c429685fd1e0b21eee935b6731acf_n0001_m93,lu_14674ef2d4b3549e6e37c8d0c252638c908c429685fd1e0b21eee935b6731acf_n0001,93,ICD,1435,1438,ENTITY,C0020725,0.991557776927948,Type II Mucolipidosis,predicted_umls_link,not_human_gold
lu_14674ef2d4b3549e6e37c8d0c252638c908c429685fd1e0b21eee935b6731acf_n0001_m94,lu_14674ef2d4b3549e6e37c8d0c252638c908c429685fd1e0b21eee935b6731acf_n0001,94,bedingt,1440,1447,ENTITY,,,,predicted_umls_link,not_human_gold
lu_14674ef2d4b3549e6e37c8d0c252638c908c429685fd1e0b21eee935b6731acf_n0001_m95,lu_14674ef2d4b3549e6e37c8d0c252638c908c429685fd1e0b21eee935b6731acf_n0001,95,Risiko sehr,1461,1472,ENTITY,,,,predicted_umls_link,not_human_gold
lu_14674ef2d4b3549e6e37c8d0c252638c908c429685fd1e0b21eee935b6731acf_n0001_m96,lu_14674ef2d4b3549e6e37c8d0c252638c908c429685fd1e0b21eee935b6731acf_n0001,96,Konventioneller,1481,1496,ENTITY,,,,predicted_umls_link,not_human_gold
lu_14674ef2d4b3549e6e37c8d0c252638c908c429685fd1e0b21eee935b6731acf_n0001_m97,lu_14674ef2d4b3549e6e37c8d0c252638c908c429685fd1e0b21eee935b6731acf_n0001,97,ICD,1497,1500,ENTITY,C0020725,0.991557776927948,Type II Mucolipidosis,predicted_umls_link,not_human_gold
lu_14674ef2d4b3549e6e37c8d0c252638c908c429685fd1e0b21eee935b6731acf_n0001_m98,lu_14674ef2d4b3549e6e37c8d0c252638c908c429685fd1e0b21eee935b6731acf_n0001,98,absolute,1506,1514,ENTITY,C0205344,0.9759930968284607,Absolute,predicted_umls_link,not_human_gold
lu_14674ef2d4b3549e6e37c8d0c252638c908c429685fd1e0b21eee935b6731acf_n0001_m99,lu_14674ef2d4b3549e6e37c8d0c252638c908c429685fd1e0b21eee935b6731acf_n0001,99,Unmittelbar prä,1543,1558,ENTITY,,,,predicted_umls_link,not_human_gold
lu_14674ef2d4b3549e6e37c8d0c252638c908c429685fd1e0b21eee935b6731acf_n0001_m100,lu_14674ef2d4b3549e6e37c8d0c252638c908c429685fd1e0b21eee935b6731acf_n0001,100,MRT,1559,1562,ENTITY,C2949870,0.9783060550689697,Medial rostrotemporal auditory cortex,predicted_umls_link,not_human_gold
lu_14674ef2d4b3549e6e37c8d0c252638c908c429685fd1e0b21eee935b6731acf_n0001_m101,lu_14674ef2d4b3549e6e37c8d0c252638c908c429685fd1e0b21eee935b6731acf_n0001,101,Unmittelbar post,1565,1581,ENTITY,,,,predicted_umls_link,not_human_gold
lu_14674ef2d4b3549e6e37c8d0c252638c908c429685fd1e0b21eee935b6731acf_n0001_m102,lu_14674ef2d4b3549e6e37c8d0c252638c908c429685fd1e0b21eee935b6731acf_n0001,102,MRT,1582,1585,ENTITY,C2949870,0.9783060550689697,Medial rostrotemporal auditory cortex,predicted_umls_link,not_human_gold
lu_14674ef2d4b3549e6e37c8d0c252638c908c429685fd1e0b21eee935b6731acf_n0001_m103,lu_14674ef2d4b3549e6e37c8d0c252638c908c429685fd1e0b21eee935b6731acf_n0001,103,"Risiko hoch 
 ",1592,1606,ENTITY,,,,predicted_umls_link,not_human_gold
lu_14674ef2d4b3549e6e37c8d0c252638c908c429685fd1e0b21eee935b6731acf_n0001_m104,lu_14674ef2d4b3549e6e37c8d0c252638c908c429685fd1e0b21eee935b6731acf_n0001,104,Konventioneller,1607,1622,ENTITY,,,,predicted_umls_link,not_human_gold
lu_14674ef2d4b3549e6e37c8d0c252638c908c429685fd1e0b21eee935b6731acf_n0001_m105,lu_14674ef2d4b3549e6e37c8d0c252638c908c429685fd1e0b21eee935b6731acf_n0001,105,ICD,1623,1626,ENTITY,C0020725,0.991557776927948,Type II Mucolipidosis,predicted_umls_link,not_human_gold
lu_14674ef2d4b3549e6e37c8d0c252638c908c429685fd1e0b21eee935b6731acf_n0001_m106,lu_14674ef2d4b3549e6e37c8d0c252638c908c429685fd1e0b21eee935b6731acf_n0001,106,stattgehabte VT/VF,1632,1650,ENTITY,,,,predicted_umls_link,not_human_gold
lu_14674ef2d4b3549e6e37c8d0c252638c908c429685fd1e0b21eee935b6731acf_n0001_m107,lu_14674ef2d4b3549e6e37c8d0c252638c908c429685fd1e0b21eee935b6731acf_n0001,107,keine,1652,1657,ENTITY,,,,predicted_umls_link,not_human_gold
lu_14674ef2d4b3549e6e37c8d0c252638c908c429685fd1e0b21eee935b6731acf_n0001_m108,lu_14674ef2d4b3549e6e37c8d0c252638c908c429685fd1e0b21eee935b6731acf_n0001,108,HSM-Abhängigkeit,1667,1683,ENTITY,,,,predicted_umls_link,not_human_gold
lu_14674ef2d4b3549e6e37c8d0c252638c908c429685fd1e0b21eee935b6731acf_n0001_m109,lu_14674ef2d4b3549e6e37c8d0c252638c908c429685fd1e0b21eee935b6731acf_n0001,109,Unmittelbar prä,1706,1721,ENTITY,,,,predicted_umls_link,not_human_gold
lu_14674ef2d4b3549e6e37c8d0c252638c908c429685fd1e0b21eee935b6731acf_n0001_m110,lu_14674ef2d4b3549e6e37c8d0c252638c908c429685fd1e0b21eee935b6731acf_n0001,110,MRT,1722,1725,ENTITY,C2949870,0.9783060550689697,Medial rostrotemporal auditory cortex,predicted_umls_link,not_human_gold
lu_14674ef2d4b3549e6e37c8d0c252638c908c429685fd1e0b21eee935b6731acf_n0001_m111,lu_14674ef2d4b3549e6e37c8d0c252638c908c429685fd1e0b21eee935b6731acf_n0001,111,Unmittelbar post,1728,1744,ENTITY,,,,predicted_umls_link,not_human_gold
lu_14674ef2d4b3549e6e37c8d0c252638c908c429685fd1e0b21eee935b6731acf_n0001_m112,lu_14674ef2d4b3549e6e37c8d0c252638c908c429685fd1e0b21eee935b6731acf_n0001,112,MRT,1745,1748,ENTITY,C2949870,0.9783060550689697,Medial rostrotemporal auditory cortex,predicted_umls_link,not_human_gold
lu_14674ef2d4b3549e6e37c8d0c252638c908c429685fd1e0b21eee935b6731acf_n0001_m113,lu_14674ef2d4b3549e6e37c8d0c252638c908c429685fd1e0b21eee935b6731acf_n0001,113,"Risiko mittel 
 ",1755,1771,ENTITY,,,,predicted_umls_link,not_human_gold
lu_14674ef2d4b3549e6e37c8d0c252638c908c429685fd1e0b21eee935b6731acf_n0001_m114,lu_14674ef2d4b3549e6e37c8d0c252638c908c429685fd1e0b21eee935b6731acf_n0001,114,Konventioneller,1772,1787,ENTITY,,,,predicted_umls_link,not_human_gold
lu_14674ef2d4b3549e6e37c8d0c252638c908c429685fd1e0b21eee935b6731acf_n0001_m115,lu_14674ef2d4b3549e6e37c8d0c252638c908c429685fd1e0b21eee935b6731acf_n0001,115,ICD,1788,1791,ENTITY,C0020725,0.991557776927948,Type II Mucolipidosis,predicted_umls_link,not_human_gold
lu_14674ef2d4b3549e6e37c8d0c252638c908c429685fd1e0b21eee935b6731acf_n0001_m116,lu_14674ef2d4b3549e6e37c8d0c252638c908c429685fd1e0b21eee935b6731acf_n0001,116,stattgehabte VT/VF,1797,1815,ENTITY,,,,predicted_umls_link,not_human_gold
lu_14674ef2d4b3549e6e37c8d0c252638c908c429685fd1e0b21eee935b6731acf_n0001_m117,lu_14674ef2d4b3549e6e37c8d0c252638c908c429685fd1e0b21eee935b6731acf_n0001,117,keine,1817,1822,ENTITY,,,,predicted_umls_link,not_human_gold
lu_14674ef2d4b3549e6e37c8d0c252638c908c429685fd1e0b21eee935b6731acf_n0001_m118,lu_14674ef2d4b3549e6e37c8d0c252638c908c429685fd1e0b21eee935b6731acf_n0001,118,HSM-Abhängigkeit,1832,1848,ENTITY,,,,predicted_umls_link,not_human_gold
lu_14674ef2d4b3549e6e37c8d0c252638c908c429685fd1e0b21eee935b6731acf_n0001_m119,lu_14674ef2d4b3549e6e37c8d0c252638c908c429685fd1e0b21eee935b6731acf_n0001,119,Unmittelbar prä,1871,1886,ENTITY,,,,predicted_umls_link,not_human_gold
lu_14674ef2d4b3549e6e37c8d0c252638c908c429685fd1e0b21eee935b6731acf_n0001_m120,lu_14674ef2d4b3549e6e37c8d0c252638c908c429685fd1e0b21eee935b6731acf_n0001,120,MRT,1887,1890,ENTITY,C2949870,0.9783060550689697,Medial rostrotemporal auditory cortex,predicted_umls_link,not_human_gold
lu_14674ef2d4b3549e6e37c8d0c252638c908c429685fd1e0b21eee935b6731acf_n0001_m121,lu_14674ef2d4b3549e6e37c8d0c252638c908c429685fd1e0b21eee935b6731acf_n0001,121,Unmittelbar post,1893,1909,ENTITY,,,,predicted_umls_link,not_human_gold
lu_14674ef2d4b3549e6e37c8d0c252638c908c429685fd1e0b21eee935b6731acf_n0001_m122,lu_14674ef2d4b3549e6e37c8d0c252638c908c429685fd1e0b21eee935b6731acf_n0001,122,MRT,1910,1913,ENTITY,C2949870,0.9783060550689697,Medial rostrotemporal auditory cortex,predicted_umls_link,not_human_gold
lu_14674ef2d4b3549e6e37c8d0c252638c908c429685fd1e0b21eee935b6731acf_n0001_m123,lu_14674ef2d4b3549e6e37c8d0c252638c908c429685fd1e0b21eee935b6731acf_n0001,123,"Risiko niedrig 
 ",1920,1937,ENTITY,,,,predicted_umls_link,not_human_gold
lu_14674ef2d4b3549e6e37c8d0c252638c908c429685fd1e0b21eee935b6731acf_n0001_m124,lu_14674ef2d4b3549e6e37c8d0c252638c908c429685fd1e0b21eee935b6731acf_n0001,124,Bedingt,1938,1945,ENTITY,,,,predicted_umls_link,not_human_gold
lu_14674ef2d4b3549e6e37c8d0c252638c908c429685fd1e0b21eee935b6731acf_n0001_m125,lu_14674ef2d4b3549e6e37c8d0c252638c908c429685fd1e0b21eee935b6731acf_n0001,125,MRT-sicherer,1946,1958,ENTITY,,,,predicted_umls_link,not_human_gold
lu_14674ef2d4b3549e6e37c8d0c252638c908c429685fd1e0b21eee935b6731acf_n0001_m126,lu_14674ef2d4b3549e6e37c8d0c252638c908c429685fd1e0b21eee935b6731acf_n0001,126,ICD,1959,1962,ENTITY,C0020725,0.991557776927948,Type II Mucolipidosis,predicted_umls_link,not_human_gold
lu_14674ef2d4b3549e6e37c8d0c252638c908c429685fd1e0b21eee935b6731acf_n0001_m127,lu_14674ef2d4b3549e6e37c8d0c252638c908c429685fd1e0b21eee935b6731acf_n0001,127,absolute HSM-Abhängigkeit) | D00 c,1968,2002,ENTITY,,,,predicted_umls_link,not_human_gold
lu_14674ef2d4b3549e6e37c8d0c252638c908c429685fd1e0b21eee935b6731acf_n0001_m128,lu_14674ef2d4b3549e6e37c8d0c252638c908c429685fd1e0b21eee935b6731acf_n0001,128,Unmittelbar prä,2005,2020,ENTITY,,,,predicted_umls_link,not_human_gold
lu_14674ef2d4b3549e6e37c8d0c252638c908c429685fd1e0b21eee935b6731acf_n0001_m129,lu_14674ef2d4b3549e6e37c8d0c252638c908c429685fd1e0b21eee935b6731acf_n0001,129,MRT,2021,2024,ENTITY,C2949870,0.9783060550689697,Medial rostrotemporal auditory cortex,predicted_umls_link,not_human_gold
lu_14674ef2d4b3549e6e37c8d0c252638c908c429685fd1e0b21eee935b6731acf_n0001_m130,lu_14674ef2d4b3549e6e37c8d0c252638c908c429685fd1e0b21eee935b6731acf_n0001,130,Unmittelbar post,2027,2043,ENTITY,,,,predicted_umls_link,not_human_gold
lu_14674ef2d4b3549e6e37c8d0c252638c908c429685fd1e0b21eee935b6731acf_n0001_m131,lu_14674ef2d4b3549e6e37c8d0c252638c908c429685fd1e0b21eee935b6731acf_n0001,131,MRT,2044,2047,ENTITY,C2949870,0.9783060550689697,Medial rostrotemporal auditory cortex,predicted_umls_link,not_human_gold
lu_14674ef2d4b3549e6e37c8d0c252638c908c429685fd1e0b21eee935b6731acf_n0001_m132,lu_14674ef2d4b3549e6e37c8d0c252638c908c429685fd1e0b21eee935b6731acf_n0001,132,Risiko sehr,2054,2065,ENTITY,,,,predicted_umls_link,not_human_gold
lu_14674ef2d4b3549e6e37c8d0c252638c908c429685fd1e0b21eee935b6731acf_n0001_m133,lu_14674ef2d4b3549e6e37c8d0c252638c908c429685fd1e0b21eee935b6731acf_n0001,133,Bedingt,2077,2084,ENTITY,,,,predicted_umls_link,not_human_gold
lu_14674ef2d4b3549e6e37c8d0c252638c908c429685fd1e0b21eee935b6731acf_n0001_m134,lu_14674ef2d4b3549e6e37c8d0c252638c908c429685fd1e0b21eee935b6731acf_n0001,134,ICD,2098,2101,ENTITY,C0020725,0.991557776927948,Type II Mucolipidosis,predicted_umls_link,not_human_gold
lu_14674ef2d4b3549e6e37c8d0c252638c908c429685fd1e0b21eee935b6731acf_n0001_m135,lu_14674ef2d4b3549e6e37c8d0c252638c908c429685fd1e0b21eee935b6731acf_n0001,135,stattgehabte VT/VF,2107,2125,ENTITY,,,,predicted_umls_link,not_human_gold
lu_14674ef2d4b3549e6e37c8d0c252638c908c429685fd1e0b21eee935b6731acf_n0001_m136,lu_14674ef2d4b3549e6e37c8d0c252638c908c429685fd1e0b21eee935b6731acf_n0001,136,keine,2127,2132,ENTITY,,,,predicted_umls_link,not_human_gold
lu_14674ef2d4b3549e6e37c8d0c252638c908c429685fd1e0b21eee935b6731acf_n0001_m137,lu_14674ef2d4b3549e6e37c8d0c252638c908c429685fd1e0b21eee935b6731acf_n0001,137,HSM-Abhängigkeit,2142,2158,ENTITY,,,,predicted_umls_link,not_human_gold
lu_14674ef2d4b3549e6e37c8d0c252638c908c429685fd1e0b21eee935b6731acf_n0001_m138,lu_14674ef2d4b3549e6e37c8d0c252638c908c429685fd1e0b21eee935b6731acf_n0001,138,Unmittelbar prä,2181,2196,ENTITY,,,,predicted_umls_link,not_human_gold
lu_14674ef2d4b3549e6e37c8d0c252638c908c429685fd1e0b21eee935b6731acf_n0001_m139,lu_14674ef2d4b3549e6e37c8d0c252638c908c429685fd1e0b21eee935b6731acf_n0001,139,MRT,2197,2200,ENTITY,C2949870,0.9783060550689697,Medial rostrotemporal auditory cortex,predicted_umls_link,not_human_gold
lu_14674ef2d4b3549e6e37c8d0c252638c908c429685fd1e0b21eee935b6731acf_n0001_m140,lu_14674ef2d4b3549e6e37c8d0c252638c908c429685fd1e0b21eee935b6731acf_n0001,140,Unmittelbar post,2203,2219,ENTITY,,,,predicted_umls_link,not_human_gold
lu_14674ef2d4b3549e6e37c8d0c252638c908c429685fd1e0b21eee935b6731acf_n0001_m141,lu_14674ef2d4b3549e6e37c8d0c252638c908c429685fd1e0b21eee935b6731acf_n0001,141,MRT,2220,2223,ENTITY,C2949870,0.9783060550689697,Medial rostrotemporal auditory cortex,predicted_umls_link,not_human_gold
