mention_id,flag_index,flag
lu_14674ef2d4b3549e6e37c8d0c252638c908c429685fd1e0b21eee935b6731acf_n0001_m0,0,unlinked
lu_14674ef2d4b3549e6e37c8d0c252638c908c429685fd1e0b21eee935b6731acf_n0001_m1,0,unlinked
lu_14674ef2d4b3549e6e37c8d0c252638c908c429685fd1e0b21eee935b6731acf_n0001_m2,0,unlinked
lu_14674ef2d4b3549e6e37c8d0c252638c908c429685fd1e0b21eee935b6731acf_n0001_m4,0,unlinked
lu_14674ef2d4b3549e6e37c8d0c252638c908c429685fd1e0b21eee935b6731acf_n0001_m7,0,unlinked
lu_14674ef2d4b3549e6e37c8d0c252638c908c429685fd1e0b21eee935b6731acf_n0001_m8,0,unlinked
lu_14674ef2d4b3549e6e37c8d0c252638c908c429685fd1e0b21eee935b6731acf_n0001_m9,0,unlinked
lu_14674ef2d4b3549e6e37c8d0c252638c908c429685fd1e0b21eee935b6731acf_n0001_m10,0,unlinked
lu_14674ef2d4b3549e6e37c8d0c252638c908c429685fd1e0b21eee935b6731acf_n0001_m11,0,unlinked
lu_14674ef2d4b3549e6e37c8d0c252638c908c429685fd1e0b21eee935b6731acf_n0001_m12,0,low_linker_score
lu_14674ef2d4b3549e6e37c8d0c252638c908c429685fd1e0b21eee935b6731acf_n0001_m14,0,unlinked
lu_14674ef2d4b3549e6e37c8d0c252638c908c429685fd1e0b21eee935b6731acf_n0001_m16,0,unlinked
lu_14674ef2d4b3549e6e37c8d0c252638c908c429685fd1e0b21eee935b6731acf_n0001_m17,0,unlinked
lu_14674ef2d4b3549e6e37c8d0c252638c908c429685fd1e0b21eee935b6731acf_n0001_m18,0,unlinked
lu_14674ef2d4b3549e6e37c8d0c252638c908c429685fd1e0b21eee935b6731acf_n0001_m19,0,unlinked
lu_14674ef2d4b3549e6e37c8d0c252638c908c429685fd1e0b21eee935b6731acf_n0001_m20,0,unlinked
lu_14674ef2d4b3549e6e37c8d0c252638c908c429685fd1e0b21eee935b6731acf_n0001_m21,0,unlinked
lu_14674ef2d4b3549e6e37c8d0c252638c908c429685fd1e0b21eee935b6731acf_n0001_m22,0,unlinked
lu_14674ef2d4b3549e6e37c8d0c252638c908c429685fd1e0b21eee935b6731acf_n0001_m23,0,low_linker_score
lu_14674ef2d4b3549e6e37c8d0c252638c908c429685fd1e0b21eee935b6731acf_n0001_m25,0,unlinked
lu_14674ef2d4b3549e6e37c8d0c252638c908c429685fd1e0b21eee935b6731acf_n0001_m27,0,unlinked
lu_14674ef2d4b3549e6e37c8d0c252638c908c429685fd1e0b21eee935b6731acf_n0001_m28,0,unlinked
lu_14674ef2d4b3549e6e37c8d0c252638c908c429685fd1e0b21eee935b6731acf_n0001_m29,0,unlinked
lu_14674ef2d4b3549e6e37c8d0c252638c908c429685fd1e0b21eee935b6731acf_n0001_m30,0,unlinked
lu_14674ef2d4b3549e6e37c8d0c252638c908c429685fd1e0b21eee935b6731acf_n0001_m32,0,unlinked
lu_14674ef2d4b3549e6e37c8d0c252638c908c429685fd1e0b21eee935b6731acf_n0001_m35,0,low_linker_score
lu_14674ef2d4b3549e6e37c8d0c252638c908c429685fd1e0b21eee935b6731acf_n0001_m37,0,unlinked
lu_14674ef2d4b3549e6e37c8d0c252638c908c429685fd1e0b21eee935b6731acf_n0001_m38,0,unlinked
lu_14674ef2d4b3549e6e37c8d0c252638c908c429685fd1e0b21eee935b6731acf_n0001_m39,0,unlinked
lu_14674ef2d4b3549e6e37c8d0c252638c908c429685fd1e0b21eee935b6731acf_n0001_m40,0,unlinked
lu_14674ef2d4b3549e6e37c8d0c252638c908c429685fd1e0b21eee935b6731acf_n0001_m42,0,unlinked
lu_14674ef2d4b3549e6e37c8d0c252638c908c429685fd1e0b21eee935b6731acf_n0001_m45,0,unlinked
lu_14674ef2d4b3549e6e37c8d0c252638c908c429685fd1e0b21eee935b6731acf_n0001_m46,0,unlinked
lu_14674ef2d4b3549e6e37c8d0c252638c908c429685fd1e0b21eee935b6731acf_n0001_m47,0,unlinked
lu_14674ef2d4b3549e6e37c8d0c252638c908c429685fd1e0b21eee935b6731acf_n0001_m48,0,unlinked
lu_14674ef2d4b3549e6e37c8d0c252638c908c429685fd1e0b21eee935b6731acf_n0001_m49,0,unlinked
lu_14674ef2d4b3549e6e37c8d0c252638c908c429685fd1e0b21eee935b6731acf_n0001_m50,0,low_linker_score
lu_14674ef2d4b3549e6e37c8d0c252638c908c429685fd1e0b21eee935b6731acf_n0001_m52,0,unlinked
lu_14674ef2d4b3549e6e37c8d0c252638c908c429685fd1e0b21eee935b6731acf_n0001_m53,0,unlinked
lu_14674ef2d4b3549e6e37c8d0c252638c908c429685fd1e0b21eee935b6731acf_n0001_m54,0,unlinked
lu_14674ef2d4b3549e6e37c8d0c252638c908c429685fd1e0b21eee935b6731acf_n0001_m55,0,low_linker_score
lu_14674ef2d4b3549e6e37c8d0c252638c908c429685fd1e0b21eee935b6731acf_n0001_m57,0,unlinked
lu_14674ef2d4b3549e6e37c8d0c252638c908c429685fd1e0b21eee935b6731acf_n0001_m58,0,unlinked
lu_14674ef2d4b3549e6e37c8d0c252638c908c429685fd1e0b21eee935b6731acf_n0001_m59,0,unlinked
lu_14674ef2d4b3549e6e37c8d0c252638c908c429685fd1e0b21eee935b6731acf_n0001_m60,0,unlinked
lu_14674ef2d4b3549e6e37c8d0c252638c908c429685fd1e0b21eee935b6731acf_n0001_m61,0,unlinked
lu_14674ef2d4b3549e6e37c8d0c252638c908c429685fd1e0b21eee935b6731acf_n0001_m62,0,unlinked
lu_14674ef2d4b3549e6e37c8d0c252638c908c429685fd1e0b21eee935b6731acf_n0001_m63,0,unlinked
lu_14674ef2d4b3549e6e37c8d0c252638c908c429685fd1e0b21eee935b6731acf_n0001_m64,0,low_linker_score
lu_14674ef2d4b3549e6e37c8d0c252638c908c429685fd1e0b21eee935b6731acf_n0001_m66,0,unlinked
lu_14674ef2d4b3549e6e37c8d0c252638c908c429685fd1e0b21eee935b6731acf_n0001_m67,0,unlinked
lu_14674ef2d4b3549e6e37c8d0c252638c908c429685fd1e0b21eee935b6731acf_n0001_m68,0,unlinked
lu_14674ef2d4b3549e6e37c8d0c252638c908c429685fd1e0b21eee935b6731acf_n0001_m69,0,low_linker_score
lu_14674ef2d4b3549e6e37c8d0c252638c908c429685fd1e0b21eee935b6731acf_n0001_m71,0,unlinked
lu_14674ef2d4b3549e6e37c8d0c252638c908c429685fd1e0b21eee935b6731acf_n0001_m72,0,unlinked
lu_14674ef2d4b3549e6e37c8d0c252638c908c429685fd1e0b21eee935b6731acf_n0001_m73,0,unlinked
lu_14674ef2d4b3549e6e37c8d0c252638c908c429685fd1e0b21eee935b6731acf_n0001_m74,0,unlinked
lu_14674ef2d4b3549e6e37c8d0c252638c908c429685fd1e0b21eee935b6731acf_n0001_m76,0,unlinked
lu_14674ef2d4b3549e6e37c8d0c252638c908c429685fd1e0b21eee935b6731acf_n0001_m79,0,low_linker_score
lu_14674ef2d4b3549e6e37c8d0c252638c908c429685fd1e0b21eee935b6731acf_n0001_m80,0,unlinked
lu_14674ef2d4b3549e6e37c8d0c252638c908c429685fd1e0b21eee935b6731acf_n0001_m81,0,unlinked
lu_14674ef2d4b3549e6e37c8d0c252638c908c429685fd1e0b21eee935b6731acf_n0001_m82,0,unlinked
lu_14674ef2d4b3549e6e37c8d0c252638c908c429685fd1e0b21eee935b6731acf_n0001_m83,0,unlinked
lu_14674ef2d4b3549e6e37c8d0c252638c908c429685fd1e0b21eee935b6731acf_n0001_m85,0,unlinked
lu_14674ef2d4b3549e6e37c8d0c252638c908c429685fd1e0b21eee935b6731acf_n0001_m86,0,unlinked
lu_14674ef2d4b3549e6e37c8d0c252638c908c429685fd1e0b21eee935b6731acf_n0001_m87,0,unlinked
lu_14674ef2d4b3549e6e37c8d0c252638c908c429685fd1e0b21eee935b6731acf_n0001_m88,0,unlinked
lu_14674ef2d4b3549e6e37c8d0c252638c908c429685fd1e0b21eee935b6731acf_n0001_m92,0,unlinked
lu_14674ef2d4b3549e6e37c8d0c252638c908c429685fd1e0b21eee935b6731acf_n0001_m94,0,unlinked
lu_14674ef2d4b3549e6e37c8d0c252638c908c429685fd1e0b21eee935b6731acf_n0001_m95,0,unlinked
lu_14674ef2d4b3549e6e37c8d0c252638c908c429685fd1e0b21eee935b6731acf_n0001_m96,0,unlinked
lu_14674ef2d4b3549e6e37c8d0c252638c908c429685fd1e0b21eee935b6731acf_n0001_m99,0,unlinked
lu_14674ef2d4b3549e6e37c8d0c252638c908c429685fd1e0b21eee935b6731acf_n0001_m101,0,unlinked
lu_14674ef2d4b3549e6e37c8d0c252638c908c429685fd1e0b21eee935b6731acf_n0001_m103,0,unlinked
lu_14674ef2d4b3549e6e37c8d0c252638c908c429685fd1e0b21eee935b6731acf_n0001_m104,0,unlinked
lu_14674ef2d4b3549e6e37c8d0c252638c908c429685fd1e0b21eee935b6731acf_n0001_m106,0,unlinked
lu_14674ef2d4b3549e6e37c8d0c252638c908c429685fd1e0b21eee935b6731acf_n0001_m107,0,unlinked
lu_14674ef2d4b3549e6e37c8d0c252638c908c429685fd1e0b21eee935b6731acf_n0001_m108,0,unlinked
lu_14674ef2d4b3549e6e37c8d0c252638c908c429685fd1e0b21eee935b6731acf_n0001_m109,0,unlinked
lu_14674ef2d4b3549e6e37c8d0c252638c908c429685fd1e0b21eee935b6731acf_n0001_m111,0,unlinked
lu_14674ef2d4b3549e6e37c8d0c252638c908c429685fd1e0b21eee935b6731acf_n0001_m113,0,unlinked
lu_14674ef2d4b3549e6e37c8d0c252638c908c429685fd1e0b21eee935b6731acf_n0001_m114,0,unlinked
lu_14674ef2d4b3549e6e37c8d0c252638c908c429685fd1e0b21eee935b6731acf_n0001_m116,0,unlinked
lu_14674ef2d4b3549e6e37c8d0c252638c908c429685fd1e0b21eee935b6731acf_n0001_m117,0,unlinked
lu_14674ef2d4b3549e6e37c8d0c252638c908c429685fd1e0b21eee935b6731acf_n0001_m118,0,unlinked
lu_14674ef2d4b3549e6e37c8d0c252638c908c429685fd1e0b21eee935b6731acf_n0001_m119,0,unlinked
lu_14674ef2d4b3549e6e37c8d0c252638c908c429685fd1e0b21eee935b6731acf_n0001_m121,0,unlinked
lu_14674ef2d4b3549e6e37c8d0c252638c908c429685fd1e0b21eee935b6731acf_n0001_m123,0,unlinked
lu_14674ef2d4b3549e6e37c8d0c252638c908c429685fd1e0b21eee935b6731acf_n0001_m124,0,unlinked
lu_14674ef2d4b3549e6e37c8d0c252638c908c429685fd1e0b21eee935b6731acf_n0001_m125,0,unlinked
lu_14674ef2d4b3549e6e37c8d0c252638c908c429685fd1e0b21eee935b6731acf_n0001_m127,0,unlinked
lu_14674ef2d4b3549e6e37c8d0c252638c908c429685fd1e0b21eee935b6731acf_n0001_m128,0,unlinked
lu_14674ef2d4b3549e6e37c8d0c252638c908c429685fd1e0b21eee935b6731acf_n0001_m130,0,unlinked
lu_14674ef2d4b3549e6e37c8d0c252638c908c429685fd1e0b21eee935b6731acf_n0001_m132,0,unlinked
lu_14674ef2d4b3549e6e37c8d0c252638c908c429685fd1e0b21eee935b6731acf_n0001_m133,0,unlinked
lu_14674ef2d4b3549e6e37c8d0c252638c908c429685fd1e0b21eee935b6731acf_n0001_m135,0,unlinked
lu_14674ef2d4b3549e6e37c8d0c252638c908c429685fd1e0b21eee935b6731acf_n0001_m136,0,unlinked
lu_14674ef2d4b3549e6e37c8d0c252638c908c429685fd1e0b21eee935b6731acf_n0001_m137,0,unlinked
lu_14674ef2d4b3549e6e37c8d0c252638c908c429685fd1e0b21eee935b6731acf_n0001_m138,0,unlinked
lu_14674ef2d4b3549e6e37c8d0c252638c908c429685fd1e0b21eee935b6731acf_n0001_m140,0,unlinked
