candidate_id,mention_id,candidate_index,cui,score,canonical_name
lu_14674ef2d4b3549e6e37c8d0c252638c908c429685fd1e0b21eee935b6731acf_n0001_m3_c0,lu_14674ef2d4b3549e6e37c8d0c252638c908c429685fd1e0b21eee935b6731acf_n0001_m3,0,C2949870,0.9783060550689697,Medial rostrotemporal auditory cortex
lu_14674ef2d4b3549e6e37c8d0c252638c908c429685fd1e0b21eee935b6731acf_n0001_m3_c1,lu_14674ef2d4b3549e6e37c8d0c252638c908c429685fd1e0b21eee935b6731acf_n0001_m3,1,C2951648,0.8074806332588196,Left medial rostrotemporal auditory cortex
lu_14674ef2d4b3549e6e37c8d0c252638c908c429685fd1e0b21eee935b6731acf_n0001_m3_c2,lu_14674ef2d4b3549e6e37c8d0c252638c908c429685fd1e0b21eee935b6731acf_n0001_m3,2,C3180692,0.7230212092399597,MRT 83
lu_14674ef2d4b3549e6e37c8d0c252638c908c429685fd1e0b21eee935b6731acf_n0001_m5_c0,lu_14674ef2d4b3549e6e37c8d0c252638c908c429685fd1e0b21eee935b6731acf_n0001_m5,0,C2949870,0.9783060550689697,Medial rostrotemporal auditory cortex
lu_14674ef2d4b3549e6e37c8d0c252638c908c429685fd1e0b21eee935b6731acf_n0001_m5_c1,lu_14674ef2d4b3549e6e37c8d0c252638c908c429685fd1e0b21eee935b6731acf_n0001_m5,1,C2951648,0.8074806332588196,Left medial rostrotemporal auditory cortex
lu_14674ef2d4b3549e6e37c8d0c252638c908c429685fd1e0b21eee935b6731acf_n0001_m5_c2,lu_14674ef2d4b3549e6e37c8d0c252638c908c429685fd1e0b21eee935b6731acf_n0001_m5,2,C3180692,0.7230212092399597,MRT 83
lu_14674ef2d4b3549e6e37c8d0c252638c908c429685fd1e0b21eee935b6731acf_n0001_m6_c0,lu_14674ef2d4b3549e6e37c8d0c252638c908c429685fd1e0b21eee935b6731acf_n0001_m6,0,C1537594,0.9596827030181885,LRRC4B gene
lu_14674ef2d4b3549e6e37c8d0c252638c908c429685fd1e0b21eee935b6731acf_n0001_m12_c0,lu_14674ef2d4b3549e6e37c8d0c252638c908c429685fd1e0b21eee935b6731acf_n0001_m12,0,C0037293,0.700384259223938,Skin tag
lu_14674ef2d4b3549e6e37c8d0c252638c908c429685fd1e0b21eee935b6731acf_n0001_m12_c1,lu_14674ef2d4b3549e6e37c8d0c252638c908c429685fd1e0b21eee935b6731acf_n0001_m12,1,C1522485,0.700384259223938,Tracer
lu_14674ef2d4b3549e6e37c8d0c252638c908c429685fd1e0b21eee935b6731acf_n0001_m12_c2,lu_14674ef2d4b3549e6e37c8d0c252638c908c429685fd1e0b21eee935b6731acf_n0001_m12,2,C1710492,0.700384259223938,LINC01194 gene
lu_14674ef2d4b3549e6e37c8d0c252638c908c429685fd1e0b21eee935b6731acf_n0001_m12_c3,lu_14674ef2d4b3549e6e37c8d0c252638c908c429685fd1e0b21eee935b6731acf_n0001_m12,3,C2826226,0.700384259223938,Tag Dosing Unit
lu_14674ef2d4b3549e6e37c8d0c252638c908c429685fd1e0b21eee935b6731acf_n0001_m12_c4,lu_14674ef2d4b3549e6e37c8d0c252638c908c429685fd1e0b21eee935b6731acf_n0001_m12,4,C4551445,0.700384259223938,Label (document)
lu_14674ef2d4b3549e6e37c8d0c252638c908c429685fd1e0b21eee935b6731acf_n0001_m13_c0,lu_14674ef2d4b3549e6e37c8d0c252638c908c429685fd1e0b21eee935b6731acf_n0001_m13,0,C2949870,0.9783060550689697,Medial rostrotemporal auditory cortex
lu_14674ef2d4b3549e6e37c8d0c252638c908c429685fd1e0b21eee935b6731acf_n0001_m13_c1,lu_14674ef2d4b3549e6e37c8d0c252638c908c429685fd1e0b21eee935b6731acf_n0001_m13,1,C2951648,0.8074806332588196,Left medial rostrotemporal auditory cortex
lu_14674ef2d4b3549e6e37c8d0c252638c908c429685fd1e0b21eee935b6731acf_n0001_m13_c2,lu_14674ef2d4b3549e6e37c8d0c252638c908c429685fd1e0b21eee935b6731acf_n0001_m13,2,C3180692,0.7230212092399597,MRT 83
lu_14674ef2d4b3549e6e37c8d0c252638c908c429685fd1e0b21eee935b6731acf_n0001_m15_c0,lu_14674ef2d4b3549e6e37c8d0c252638c908c429685fd1e0b21eee935b6731acf_n0001_m15,0,C2949870,0.9783060550689697,Medial rostrotemporal auditory cortex
lu_14674ef2d4b3549e6e37c8d0c252638c908c429685fd1e0b21eee935b6731acf_n0001_m15_c1,lu_14674ef2d4b3549e6e37c8d0c252638c908c429685fd1e0b21eee935b6731acf_n0001_m15,1,C2951648,0.8074806332588196,Left medial rostrotemporal auditory cortex
lu_14674ef2d4b3549e6e37c8d0c252638c908c429685fd1e0b21eee935b6731acf_n0001_m15_c2,lu_14674ef2d4b3549e6e37c8d0c252638c908c429685fd1e0b21eee935b6731acf_n0001_m15,2,C3180692,0.7230212092399597,MRT 83
lu_14674ef2d4b3549e6e37c8d0c252638c908c429685fd1e0b21eee935b6731acf_n0001_m23_c0,lu_14674ef2d4b3549e6e37c8d0c252638c908c429685fd1e0b21eee935b6731acf_n0001_m23,0,C0037293,0.700384259223938,Skin tag
lu_14674ef2d4b3549e6e37c8d0c252638c908c429685fd1e0b21eee935b6731acf_n0001_m23_c1,lu_14674ef2d4b3549e6e37c8d0c252638c908c429685fd1e0b21eee935b6731acf_n0001_m23,1,C1522485,0.700384259223938,Tracer
lu_14674ef2d4b3549e6e37c8d0c252638c908c429685fd1e0b21eee935b6731acf_n0001_m23_c2,lu_14674ef2d4b3549e6e37c8d0c252638c908c429685fd1e0b21eee935b6731acf_n0001_m23,2,C1710492,0.700384259223938,LINC01194 gene
lu_14674ef2d4b3549e6e37c8d0c252638c908c429685fd1e0b21eee935b6731acf_n0001_m23_c3,lu_14674ef2d4b3549e6e37c8d0c252638c908c429685fd1e0b21eee935b6731acf_n0001_m23,3,C2826226,0.700384259223938,Tag Dosing Unit
lu_14674ef2d4b3549e6e37c8d0c252638c908c429685fd1e0b21eee935b6731acf_n0001_m23_c4,lu_14674ef2d4b3549e6e37c8d0c252638c908c429685fd1e0b21eee935b6731acf_n0001_m23,4,C4551445,0.700384259223938,Label (document)
lu_14674ef2d4b3549e6e37c8d0c252638c908c429685fd1e0b21eee935b6731acf_n0001_m24_c0,lu_14674ef2d4b3549e6e37c8d0c252638c908c429685fd1e0b21eee935b6731acf_n0001_m24,0,C2949870,0.9783060550689697,Medial rostrotemporal auditory cortex
lu_14674ef2d4b3549e6e37c8d0c252638c908c429685fd1e0b21eee935b6731acf_n0001_m24_c1,lu_14674ef2d4b3549e6e37c8d0c252638c908c429685fd1e0b21eee935b6731acf_n0001_m24,1,C2951648,0.8074806332588196,Left medial rostrotemporal auditory cortex
lu_14674ef2d4b3549e6e37c8d0c252638c908c429685fd1e0b21eee935b6731acf_n0001_m24_c2,lu_14674ef2d4b3549e6e37c8d0c252638c908c429685fd1e0b21eee935b6731acf_n0001_m24,2,C3180692,0.7230212092399597,MRT 83
lu_14674ef2d4b3549e6e37c8d0c252638c908c429685fd1e0b21eee935b6731acf_n0001_m26_c0,lu_14674ef2d4b3549e6e37c8d0c252638c908c429685fd1e0b21eee935b6731acf_n0001_m26,0,C2949870,0.9783060550689697,Medial rostrotemporal auditory cortex
lu_14674ef2d4b3549e6e37c8d0c252638c908c429685fd1e0b21eee935b6731acf_n0001_m26_c1,lu_14674ef2d4b3549e6e37c8d0c252638c908c429685fd1e0b21eee935b6731acf_n0001_m26,1,C2951648,0.8074806332588196,Left medial rostrotemporal auditory cortex
lu_14674ef2d4b3549e6e37c8d0c252638c908c429685fd1e0b21eee935b6731acf_n0001_m26_c2,lu_14674ef2d4b3549e6e37c8d0c252638c908c429685fd1e0b21eee935b6731acf_n0001_m26,2,C3180692,0.7230212092399597,MRT 83
lu_14674ef2d4b3549e6e37c8d0c252638c908c429685fd1e0b21eee935b6731acf_n0001_m31_c0,lu_14674ef2d4b3549e6e37c8d0c252638c908c429685fd1e0b21eee935b6731acf_n0001_m31,0,C2949870,0.9783060550689697,Medial rostrotemporal auditory cortex
lu_14674ef2d4b3549e6e37c8d0c252638c908c429685fd1e0b21eee935b6731acf_n0001_m31_c1,lu_14674ef2d4b3549e6e37c8d0c252638c908c429685fd1e0b21eee935b6731acf_n0001_m31,1,C2951648,0.8074806332588196,Left medial rostrotemporal auditory cortex
lu_14674ef2d4b3549e6e37c8d0c252638c908c429685fd1e0b21eee935b6731acf_n0001_m31_c2,lu_14674ef2d4b3549e6e37c8d0c252638c908c429685fd1e0b21eee935b6731acf_n0001_m31,2,C3180692,0.7230212092399597,MRT 83
lu_14674ef2d4b3549e6e37c8d0c252638c908c429685fd1e0b21eee935b6731acf_n0001_m33_c0,lu_14674ef2d4b3549e6e37c8d0c252638c908c429685fd1e0b21eee935b6731acf_n0001_m33,0,C2949870,0.9783060550689697,Medial rostrotemporal auditory cortex
lu_14674ef2d4b3549e6e37c8d0c252638c908c429685fd1e0b21eee935b6731acf_n0001_m33_c1,lu_14674ef2d4b3549e6e37c8d0c252638c908c429685fd1e0b21eee935b6731acf_n0001_m33,1,C2951648,0.8074806332588196,Left medial rostrotemporal auditory cortex
lu_14674ef2d4b3549e6e37c8d0c252638c908c429685fd1e0b21eee935b6731acf_n0001_m33_c2,lu_14674ef2d4b3549e6e37c8d0c252638c908c429685fd1e0b21eee935b6731acf_n0001_m33,2,C3180692,0.7230212092399597,MRT 83
lu_14674ef2d4b3549e6e37c8d0c252638c908c429685fd1e0b21eee935b6731acf_n0001_m34_c0,lu_14674ef2d4b3549e6e37c8d0c252638c908c429685fd1e0b21eee935b6731acf_n0001_m34,0,C1518601,0.8981397151947021,Options
lu_14674ef2d4b3549e6e37c8d0c252638c908c429685fd1e0b21eee935b6731acf_n0001_m34_c1,lu_14674ef2d4b3549e6e37c8d0c252638c908c429685fd1e0b21eee935b6731acf_n0001_m34,1,C1550456,0.8981397151947021,option - ActMoodPredicate
lu_14674ef2d4b3549e6e37c8d0c252638c908c429685fd1e0b21eee935b6731acf_n0001_m34_c2,lu_14674ef2d4b3549e6e37c8d0c252638c908c429685fd1e0b21eee935b6731acf_n0001_m34,2,C4080743,0.7880383729934692,Option 2
lu_14674ef2d4b3549e6e37c8d0c252638c908c429685fd1e0b21eee935b6731acf_n0001_m35_c0,lu_14674ef2d4b3549e6e37c8d0c252638c908c429685fd1e0b21eee935b6731acf_n0001_m35,0,C0747134,0.7128303647041321,pacemaker vvi
lu_14674ef2d4b3549e6e37c8d0c252638c908c429685fd1e0b21eee935b6731acf_n0001_m36_c0,lu_14674ef2d4b3549e6e37c8d0c252638c908c429685fd1e0b21eee935b6731acf_n0001_m36,0,C0012133,0.9989861249923706,didanosine
lu_14674ef2d4b3549e6e37c8d0c252638c908c429685fd1e0b21eee935b6731acf_n0001_m36_c1,lu_14674ef2d4b3549e6e37c8d0c252638c908c429685fd1e0b21eee935b6731acf_n0001_m36,1,C1172801,0.7439954876899719,"1,12-diisocyanatododecane"
lu_14674ef2d4b3549e6e37c8d0c252638c908c429685fd1e0b21eee935b6731acf_n0001_m41_c0,lu_14674ef2d4b3549e6e37c8d0c252638c908c429685fd1e0b21eee935b6731acf_n0001_m41,0,C2949870,0.9783060550689697,Medial rostrotemporal auditory cortex
lu_14674ef2d4b3549e6e37c8d0c252638c908c429685fd1e0b21eee935b6731acf_n0001_m41_c1,lu_14674ef2d4b3549e6e37c8d0c252638c908c429685fd1e0b21eee935b6731acf_n0001_m41,1,C2951648,0.8074806332588196,Left medial rostrotemporal auditory cortex
lu_14674ef2d4b3549e6e37c8d0c252638c908c429685fd1e0b21eee935b6731acf_n0001_m41_c2,lu_14674ef2d4b3549e6e37c8d0c252638c908c429685fd1e0b21eee935b6731acf_n0001_m41,2,C3180692,0.7230212092399597,MRT 83
lu_14674ef2d4b3549e6e37c8d0c252638c908c429685fd1e0b21eee935b6731acf_n0001_m43_c0,lu_14674ef2d4b3549e6e37c8d0c252638c908c429685fd1e0b21eee935b6731acf_n0001_m43,0,C2949870,0.9783060550689697,Medial rostrotemporal auditory cortex
lu_14674ef2d4b3549e6e37c8d0c252638c908c429685fd1e0b21eee935b6731acf_n0001_m43_c1,lu_14674ef2d4b3549e6e37c8d0c252638c908c429685fd1e0b21eee935b6731acf_n0001_m43,1,C2951648,0.8074806332588196,Left medial rostrotemporal auditory cortex
lu_14674ef2d4b3549e6e37c8d0c252638c908c429685fd1e0b21eee935b6731acf_n0001_m43_c2,lu_14674ef2d4b3549e6e37c8d0c252638c908c429685fd1e0b21eee935b6731acf_n0001_m43,2,C3180692,0.7230212092399597,MRT 83
lu_14674ef2d4b3549e6e37c8d0c252638c908c429685fd1e0b21eee935b6731acf_n0001_m44_c0,lu_14674ef2d4b3549e6e37c8d0c252638c908c429685fd1e0b21eee935b6731acf_n0001_m44,0,C1537594,0.9596827030181885,LRRC4B gene
lu_14674ef2d4b3549e6e37c8d0c252638c908c429685fd1e0b21eee935b6731acf_n0001_m50_c0,lu_14674ef2d4b3549e6e37c8d0c252638c908c429685fd1e0b21eee935b6731acf_n0001_m50,0,C0037293,0.700384259223938,Skin tag
lu_14674ef2d4b3549e6e37c8d0c252638c908c429685fd1e0b21eee935b6731acf_n0001_m50_c1,lu_14674ef2d4b3549e6e37c8d0c252638c908c429685fd1e0b21eee935b6731acf_n0001_m50,1,C1522485,0.700384259223938,Tracer
lu_14674ef2d4b3549e6e37c8d0c252638c908c429685fd1e0b21eee935b6731acf_n0001_m50_c2,lu_14674ef2d4b3549e6e37c8d0c252638c908c429685fd1e0b21eee935b6731acf_n0001_m50,2,C1710492,0.700384259223938,LINC01194 gene
lu_14674ef2d4b3549e6e37c8d0c252638c908c429685fd1e0b21eee935b6731acf_n0001_m50_c3,lu_14674ef2d4b3549e6e37c8d0c252638c908c429685fd1e0b21eee935b6731acf_n0001_m50,3,C2826226,0.700384259223938,Tag Dosing Unit
lu_14674ef2d4b3549e6e37c8d0c252638c908c429685fd1e0b21eee935b6731acf_n0001_m50_c4,lu_14674ef2d4b3549e6e37c8d0c252638c908c429685fd1e0b21eee935b6731acf_n0001_m50,4,C4551445,0.700384259223938,Label (document)
lu_14674ef2d4b3549e6e37c8d0c252638c908c429685fd1e0b21eee935b6731acf_n0001_m51_c0,lu_14674ef2d4b3549e6e37c8d0c252638c908c429685fd1e0b21eee935b6731acf_n0001_m51,0,C2949870,0.9783060550689697,Medial rostrotemporal auditory cortex
lu_14674ef2d4b3549e6e37c8d0c252638c908c429685fd1e0b21eee935b6731acf_n0001_m51_c1,lu_14674ef2d4b3549e6e37c8d0c252638c908c429685fd1e0b21eee935b6731acf_n0001_m51,1,C2951648,0.8074806332588196,Left medial rostrotemporal auditory cortex
lu_14674ef2d4b3549e6e37c8d0c252638c908c429685fd1e0b21eee935b6731acf_n0001_m51_c2,lu_14674ef2d4b3549e6e37c8d0c252638c908c429685fd1e0b21eee935b6731acf_n0001_m51,2,C3180692,0.7230212092399597,MRT 83
lu_14674ef2d4b3549e6e37c8d0c252638c908c429685fd1e0b21eee935b6731acf_n0001_m55_c0,lu_14674ef2d4b3549e6e37c8d0c252638c908c429685fd1e0b21eee935b6731acf_n0001_m55,0,C0037293,0.700384259223938,Skin tag
lu_14674ef2d4b3549e6e37c8d0c252638c908c429685fd1e0b21eee935b6731acf_n0001_m55_c1,lu_14674ef2d4b3549e6e37c8d0c252638c908c429685fd1e0b21eee935b6731acf_n0001_m55,1,C1522485,0.700384259223938,Tracer
lu_14674ef2d4b3549e6e37c8d0c252638c908c429685fd1e0b21eee935b6731acf_n0001_m55_c2,lu_14674ef2d4b3549e6e37c8d0c252638c908c429685fd1e0b21eee935b6731acf_n0001_m55,2,C1710492,0.700384259223938,LINC01194 gene
lu_14674ef2d4b3549e6e37c8d0c252638c908c429685fd1e0b21eee935b6731acf_n0001_m55_c3,lu_14674ef2d4b3549e6e37c8d0c252638c908c429685fd1e0b21eee935b6731acf_n0001_m55,3,C2826226,0.700384259223938,Tag Dosing Unit
lu_14674ef2d4b3549e6e37c8d0c252638c908c429685fd1e0b21eee935b6731acf_n0001_m55_c4,lu_14674ef2d4b3549e6e37c8d0c252638c908c429685fd1e0b21eee935b6731acf_n0001_m55,4,C4551445,0.700384259223938,Label (document)
lu_14674ef2d4b3549e6e37c8d0c252638c908c429685fd1e0b21eee935b6731acf_n0001_m56_c0,lu_14674ef2d4b3549e6e37c8d0c252638c908c429685fd1e0b21eee935b6731acf_n0001_m56,0,C2949870,0.9783060550689697,Medial rostrotemporal auditory cortex
lu_14674ef2d4b3549e6e37c8d0c252638c908c429685fd1e0b21eee935b6731acf_n0001_m56_c1,lu_14674ef2d4b3549e6e37c8d0c252638c908c429685fd1e0b21eee935b6731acf_n0001_m56,1,C2951648,0.8074806332588196,Left medial rostrotemporal auditory cortex
lu_14674ef2d4b3549e6e37c8d0c252638c908c429685fd1e0b21eee935b6731acf_n0001_m56_c2,lu_14674ef2d4b3549e6e37c8d0c252638c908c429685fd1e0b21eee935b6731acf_n0001_m56,2,C3180692,0.7230212092399597,MRT 83
lu_14674ef2d4b3549e6e37c8d0c252638c908c429685fd1e0b21eee935b6731acf_n0001_m64_c0,lu_14674ef2d4b3549e6e37c8d0c252638c908c429685fd1e0b21eee935b6731acf_n0001_m64,0,C0037293,0.700384259223938,Skin tag
lu_14674ef2d4b3549e6e37c8d0c252638c908c429685fd1e0b21eee935b6731acf_n0001_m64_c1,lu_14674ef2d4b3549e6e37c8d0c252638c908c429685fd1e0b21eee935b6731acf_n0001_m64,1,C1522485,0.700384259223938,Tracer
lu_14674ef2d4b3549e6e37c8d0c252638c908c429685fd1e0b21eee935b6731acf_n0001_m64_c2,lu_14674ef2d4b3549e6e37c8d0c252638c908c429685fd1e0b21eee935b6731acf_n0001_m64,2,C1710492,0.700384259223938,LINC01194 gene
lu_14674ef2d4b3549e6e37c8d0c252638c908c429685fd1e0b21eee935b6731acf_n0001_m64_c3,lu_14674ef2d4b3549e6e37c8d0c252638c908c429685fd1e0b21eee935b6731acf_n0001_m64,3,C2826226,0.700384259223938,Tag Dosing Unit
lu_14674ef2d4b3549e6e37c8d0c252638c908c429685fd1e0b21eee935b6731acf_n0001_m64_c4,lu_14674ef2d4b3549e6e37c8d0c252638c908c429685fd1e0b21eee935b6731acf_n0001_m64,4,C4551445,0.700384259223938,Label (document)
lu_14674ef2d4b3549e6e37c8d0c252638c908c429685fd1e0b21eee935b6731acf_n0001_m65_c0,lu_14674ef2d4b3549e6e37c8d0c252638c908c429685fd1e0b21eee935b6731acf_n0001_m65,0,C2949870,0.9783060550689697,Medial rostrotemporal auditory cortex
lu_14674ef2d4b3549e6e37c8d0c252638c908c429685fd1e0b21eee935b6731acf_n0001_m65_c1,lu_14674ef2d4b3549e6e37c8d0c252638c908c429685fd1e0b21eee935b6731acf_n0001_m65,1,C2951648,0.8074806332588196,Left medial rostrotemporal auditory cortex
lu_14674ef2d4b3549e6e37c8d0c252638c908c429685fd1e0b21eee935b6731acf_n0001_m65_c2,lu_14674ef2d4b3549e6e37c8d0c252638c908c429685fd1e0b21eee935b6731acf_n0001_m65,2,C3180692,0.7230212092399597,MRT 83
lu_14674ef2d4b3549e6e37c8d0c252638c908c429685fd1e0b21eee935b6731acf_n0001_m69_c0,lu_14674ef2d4b3549e6e37c8d0c252638c908c429685fd1e0b21eee935b6731acf_n0001_m69,0,C0037293,0.700384259223938,Skin tag
lu_14674ef2d4b3549e6e37c8d0c252638c908c429685fd1e0b21eee935b6731acf_n0001_m69_c1,lu_14674ef2d4b3549e6e37c8d0c252638c908c429685fd1e0b21eee935b6731acf_n0001_m69,1,C1522485,0.700384259223938,Tracer
lu_14674ef2d4b3549e6e37c8d0c252638c908c429685fd1e0b21eee935b6731acf_n0001_m69_c2,lu_14674ef2d4b3549e6e37c8d0c252638c908c429685fd1e0b21eee935b6731acf_n0001_m69,2,C1710492,0.700384259223938,LINC01194 gene
lu_14674ef2d4b3549e6e37c8d0c252638c908c429685fd1e0b21eee935b6731acf_n0001_m69_c3,lu_14674ef2d4b3549e6e37c8d0c252638c908c429685fd1e0b21eee935b6731acf_n0001_m69,3,C2826226,0.700384259223938,Tag Dosing Unit
lu_14674ef2d4b3549e6e37c8d0c252638c908c429685fd1e0b21eee935b6731acf_n0001_m69_c4,lu_14674ef2d4b3549e6e37c8d0c252638c908c429685fd1e0b21eee935b6731acf_n0001_m69,4,C4551445,0.700384259223938,Label (document)
lu_14674ef2d4b3549e6e37c8d0c252638c908c429685fd1e0b21eee935b6731acf_n0001_m70_c0,lu_14674ef2d4b3549e6e37c8d0c252638c908c429685fd1e0b21eee935b6731acf_n0001_m70,0,C2949870,0.9783060550689697,Medial rostrotemporal auditory cortex
lu_14674ef2d4b3549e6e37c8d0c252638c908c429685fd1e0b21eee935b6731acf_n0001_m70_c1,lu_14674ef2d4b3549e6e37c8d0c252638c908c429685fd1e0b21eee935b6731acf_n0001_m70,1,C2951648,0.8074806332588196,Left medial rostrotemporal auditory cortex
lu_14674ef2d4b3549e6e37c8d0c252638c908c429685fd1e0b21eee935b6731acf_n0001_m70_c2,lu_14674ef2d4b3549e6e37c8d0c252638c908c429685fd1e0b21eee935b6731acf_n0001_m70,2,C3180692,0.7230212092399597,MRT 83
lu_14674ef2d4b3549e6e37c8d0c252638c908c429685fd1e0b21eee935b6731acf_n0001_m75_c0,lu_14674ef2d4b3549e6e37c8d0c252638c908c429685fd1e0b21eee935b6731acf_n0001_m75,0,C2949870,0.9783060550689697,Medial rostrotemporal auditory cortex
lu_14674ef2d4b3549e6e37c8d0c252638c908c429685fd1e0b21eee935b6731acf_n0001_m75_c1,lu_14674ef2d4b3549e6e37c8d0c252638c908c429685fd1e0b21eee935b6731acf_n0001_m75,1,C2951648,0.8074806332588196,Left medial rostrotemporal auditory cortex
lu_14674ef2d4b3549e6e37c8d0c252638c908c429685fd1e0b21eee935b6731acf_n0001_m75_c2,lu_14674ef2d4b3549e6e37c8d0c252638c908c429685fd1e0b21eee935b6731acf_n0001_m75,2,C3180692,0.7230212092399597,MRT 83
lu_14674ef2d4b3549e6e37c8d0c252638c908c429685fd1e0b21eee935b6731acf_n0001_m77_c0,lu_14674ef2d4b3549e6e37c8d0c252638c908c429685fd1e0b21eee935b6731acf_n0001_m77,0,C2949870,0.9783060550689697,Medial rostrotemporal auditory cortex
lu_14674ef2d4b3549e6e37c8d0c252638c908c429685fd1e0b21eee935b6731acf_n0001_m77_c1,lu_14674ef2d4b3549e6e37c8d0c252638c908c429685fd1e0b21eee935b6731acf_n0001_m77,1,C2951648,0.8074806332588196,Left medial rostrotemporal auditory cortex
lu_14674ef2d4b3549e6e37c8d0c252638c908c429685fd1e0b21eee935b6731acf_n0001_m77_c2,lu_14674ef2d4b3549e6e37c8d0c252638c908c429685fd1e0b21eee935b6731acf_n0001_m77,2,C3180692,0.7230212092399597,MRT 83
lu_14674ef2d4b3549e6e37c8d0c252638c908c429685fd1e0b21eee935b6731acf_n0001_m78_c0,lu_14674ef2d4b3549e6e37c8d0c252638c908c429685fd1e0b21eee935b6731acf_n0001_m78,0,C1518601,0.8981397151947021,Options
lu_14674ef2d4b3549e6e37c8d0c252638c908c429685fd1e0b21eee935b6731acf_n0001_m78_c1,lu_14674ef2d4b3549e6e37c8d0c252638c908c429685fd1e0b21eee935b6731acf_n0001_m78,1,C1550456,0.8981397151947021,option - ActMoodPredicate
lu_14674ef2d4b3549e6e37c8d0c252638c908c429685fd1e0b21eee935b6731acf_n0001_m78_c2,lu_14674ef2d4b3549e6e37c8d0c252638c908c429685fd1e0b21eee935b6731acf_n0001_m78,2,C4080743,0.7880383729934692,Option 2
lu_14674ef2d4b3549e6e37c8d0c252638c908c429685fd1e0b21eee935b6731acf_n0001_m79_c0,lu_14674ef2d4b3549e6e37c8d0c252638c908c429685fd1e0b21eee935b6731acf_n0001_m79,0,C0747134,0.7128303647041321,pacemaker vvi
lu_14674ef2d4b3549e6e37c8d0c252638c908c429685fd1e0b21eee935b6731acf_n0001_m84_c0,lu_14674ef2d4b3549e6e37c8d0c252638c908c429685fd1e0b21eee935b6731acf_n0001_m84,0,C2949870,0.9783060550689697,Medial rostrotemporal auditory cortex
lu_14674ef2d4b3549e6e37c8d0c252638c908c429685fd1e0b21eee935b6731acf_n0001_m84_c1,lu_14674ef2d4b3549e6e37c8d0c252638c908c429685fd1e0b21eee935b6731acf_n0001_m84,1,C2951648,0.8074806332588196,Left medial rostrotemporal auditory cortex
lu_14674ef2d4b3549e6e37c8d0c252638c908c429685fd1e0b21eee935b6731acf_n0001_m84_c2,lu_14674ef2d4b3549e6e37c8d0c252638c908c429685fd1e0b21eee935b6731acf_n0001_m84,2,C3180692,0.7230212092399597,MRT 83
lu_14674ef2d4b3549e6e37c8d0c252638c908c429685fd1e0b21eee935b6731acf_n0001_m89_c0,lu_14674ef2d4b3549e6e37c8d0c252638c908c429685fd1e0b21eee935b6731acf_n0001_m89,0,C0870934,0.9889696836471558,nach
lu_14674ef2d4b3549e6e37c8d0c252638c908c429685fd1e0b21eee935b6731acf_n0001_m90_c0,lu_14674ef2d4b3549e6e37c8d0c252638c908c429685fd1e0b21eee935b6731acf_n0001_m90,0,C2949870,0.9783060550689697,Medial rostrotemporal auditory cortex
lu_14674ef2d4b3549e6e37c8d0c252638c908c429685fd1e0b21eee935b6731acf_n0001_m90_c1,lu_14674ef2d4b3549e6e37c8d0c252638c908c429685fd1e0b21eee935b6731acf_n0001_m90,1,C2951648,0.8074806332588196,Left medial rostrotemporal auditory cortex
lu_14674ef2d4b3549e6e37c8d0c252638c908c429685fd1e0b21eee935b6731acf_n0001_m90_c2,lu_14674ef2d4b3549e6e37c8d0c252638c908c429685fd1e0b21eee935b6731acf_n0001_m90,2,C3180692,0.7230212092399597,MRT 83
lu_14674ef2d4b3549e6e37c8d0c252638c908c429685fd1e0b21eee935b6731acf_n0001_m91_c0,lu_14674ef2d4b3549e6e37c8d0c252638c908c429685fd1e0b21eee935b6731acf_n0001_m91,0,C0020725,0.991557776927948,Type II Mucolipidosis
lu_14674ef2d4b3549e6e37c8d0c252638c908c429685fd1e0b21eee935b6731acf_n0001_m91_c1,lu_14674ef2d4b3549e6e37c8d0c252638c908c429685fd1e0b21eee935b6731acf_n0001_m91,1,C0870733,0.991557776927948,International Classification of Diseases
lu_14674ef2d4b3549e6e37c8d0c252638c908c429685fd1e0b21eee935b6731acf_n0001_m91_c2,lu_14674ef2d4b3549e6e37c8d0c252638c908c429685fd1e0b21eee935b6731acf_n0001_m91,2,C1550747,0.991557776927948,between lunch and dinner
lu_14674ef2d4b3549e6e37c8d0c252638c908c429685fd1e0b21eee935b6731acf_n0001_m91_c3,lu_14674ef2d4b3549e6e37c8d0c252638c908c429685fd1e0b21eee935b6731acf_n0001_m91,3,C1137110,0.8909395933151245,"International Statistical Classification of Diseases and Related Health Problems, Tenth Revision (ICD-10)"
lu_14674ef2d4b3549e6e37c8d0c252638c908c429685fd1e0b21eee935b6731acf_n0001_m91_c4,lu_14674ef2d4b3549e6e37c8d0c252638c908c429685fd1e0b21eee935b6731acf_n0001_m91,4,C1136256,0.8238115906715393,ICD Codes
lu_14674ef2d4b3549e6e37c8d0c252638c908c429685fd1e0b21eee935b6731acf_n0001_m93_c0,lu_14674ef2d4b3549e6e37c8d0c252638c908c429685fd1e0b21eee935b6731acf_n0001_m93,0,C0020725,0.991557776927948,Type II Mucolipidosis
lu_14674ef2d4b3549e6e37c8d0c252638c908c429685fd1e0b21eee935b6731acf_n0001_m93_c1,lu_14674ef2d4b3549e6e37c8d0c252638c908c429685fd1e0b21eee935b6731acf_n0001_m93,1,C0870733,0.991557776927948,International Classification of Diseases
lu_14674ef2d4b3549e6e37c8d0c252638c908c429685fd1e0b21eee935b6731acf_n0001_m93_c2,lu_14674ef2d4b3549e6e37c8d0c252638c908c429685fd1e0b21eee935b6731acf_n0001_m93,2,C1550747,0.991557776927948,between lunch and dinner
lu_14674ef2d4b3549e6e37c8d0c252638c908c429685fd1e0b21eee935b6731acf_n0001_m93_c3,lu_14674ef2d4b3549e6e37c8d0c252638c908c429685fd1e0b21eee935b6731acf_n0001_m93,3,C1137110,0.8909395933151245,"International Statistical Classification of Diseases and Related Health Problems, Tenth Revision (ICD-10)"
lu_14674ef2d4b3549e6e37c8d0c252638c908c429685fd1e0b21eee935b6731acf_n0001_m93_c4,lu_14674ef2d4b3549e6e37c8d0c252638c908c429685fd1e0b21eee935b6731acf_n0001_m93,4,C1136256,0.8238115906715393,ICD Codes
lu_14674ef2d4b3549e6e37c8d0c252638c908c429685fd1e0b21eee935b6731acf_n0001_m97_c0,lu_14674ef2d4b3549e6e37c8d0c252638c908c429685fd1e0b21eee935b6731acf_n0001_m97,0,C0020725,0.991557776927948,Type II Mucolipidosis
lu_14674ef2d4b3549e6e37c8d0c252638c908c429685fd1e0b21eee935b6731acf_n0001_m97_c1,lu_14674ef2d4b3549e6e37c8d0c252638c908c429685fd1e0b21eee935b6731acf_n0001_m97,1,C0870733,0.991557776927948,International Classification of Diseases
lu_14674ef2d4b3549e6e37c8d0c252638c908c429685fd1e0b21eee935b6731acf_n0001_m97_c2,lu_14674ef2d4b3549e6e37c8d0c252638c908c429685fd1e0b21eee935b6731acf_n0001_m97,2,C1550747,0.991557776927948,between lunch and dinner
lu_14674ef2d4b3549e6e37c8d0c252638c908c429685fd1e0b21eee935b6731acf_n0001_m97_c3,lu_14674ef2d4b3549e6e37c8d0c252638c908c429685fd1e0b21eee935b6731acf_n0001_m97,3,C1137110,0.8909395933151245,"International Statistical Classification of Diseases and Related Health Problems, Tenth Revision (ICD-10)"
lu_14674ef2d4b3549e6e37c8d0c252638c908c429685fd1e0b21eee935b6731acf_n0001_m97_c4,lu_14674ef2d4b3549e6e37c8d0c252638c908c429685fd1e0b21eee935b6731acf_n0001_m97,4,C1136256,0.8238115906715393,ICD Codes
lu_14674ef2d4b3549e6e37c8d0c252638c908c429685fd1e0b21eee935b6731acf_n0001_m98_c0,lu_14674ef2d4b3549e6e37c8d0c252638c908c429685fd1e0b21eee935b6731acf_n0001_m98,0,C0205344,0.9759930968284607,Absolute
lu_14674ef2d4b3549e6e37c8d0c252638c908c429685fd1e0b21eee935b6731acf_n0001_m98_c1,lu_14674ef2d4b3549e6e37c8d0c252638c908c429685fd1e0b21eee935b6731acf_n0001_m98,1,C0439546,0.8166399598121643,Absolute times
lu_14674ef2d4b3549e6e37c8d0c252638c908c429685fd1e0b21eee935b6731acf_n0001_m98_c2,lu_14674ef2d4b3549e6e37c8d0c252638c908c429685fd1e0b21eee935b6731acf_n0001_m98,2,C0056414,0.7869391441345215,costus absolute
lu_14674ef2d4b3549e6e37c8d0c252638c908c429685fd1e0b21eee935b6731acf_n0001_m98_c3,lu_14674ef2d4b3549e6e37c8d0c252638c908c429685fd1e0b21eee935b6731acf_n0001_m98,3,C3173453,0.7848277688026428,Absolute volume
lu_14674ef2d4b3549e6e37c8d0c252638c908c429685fd1e0b21eee935b6731acf_n0001_m100_c0,lu_14674ef2d4b3549e6e37c8d0c252638c908c429685fd1e0b21eee935b6731acf_n0001_m100,0,C2949870,0.9783060550689697,Medial rostrotemporal auditory cortex
lu_14674ef2d4b3549e6e37c8d0c252638c908c429685fd1e0b21eee935b6731acf_n0001_m100_c1,lu_14674ef2d4b3549e6e37c8d0c252638c908c429685fd1e0b21eee935b6731acf_n0001_m100,1,C2951648,0.8074806332588196,Left medial rostrotemporal auditory cortex
lu_14674ef2d4b3549e6e37c8d0c252638c908c429685fd1e0b21eee935b6731acf_n0001_m100_c2,lu_14674ef2d4b3549e6e37c8d0c252638c908c429685fd1e0b21eee935b6731acf_n0001_m100,2,C3180692,0.7230212092399597,MRT 83
lu_14674ef2d4b3549e6e37c8d0c252638c908c429685fd1e0b21eee935b6731acf_n0001_m102_c0,lu_14674ef2d4b3549e6e37c8d0c252638c908c429685fd1e0b21eee935b6731acf_n0001_m102,0,C2949870,0.9783060550689697,Medial rostrotemporal auditory cortex
lu_14674ef2d4b3549e6e37c8d0c252638c908c429685fd1e0b21eee935b6731acf_n0001_m102_c1,lu_14674ef2d4b3549e6e37c8d0c252638c908c429685fd1e0b21eee935b6731acf_n0001_m102,1,C2951648,0.8074806332588196,Left medial rostrotemporal auditory cortex
lu_14674ef2d4b3549e6e37c8d0c252638c908c429685fd1e0b21eee935b6731acf_n0001_m102_c2,lu_14674ef2d4b3549e6e37c8d0c252638c908c429685fd1e0b21eee935b6731acf_n0001_m102,2,C3180692,0.7230212092399597,MRT 83
lu_14674ef2d4b3549e6e37c8d0c252638c908c429685fd1e0b21eee935b6731acf_n0001_m105_c0,lu_14674ef2d4b3549e6e37c8d0c252638c908c429685fd1e0b21eee935b6731acf_n0001_m105,0,C0020725,0.991557776927948,Type II Mucolipidosis
lu_14674ef2d4b3549e6e37c8d0c252638c908c429685fd1e0b21eee935b6731acf_n0001_m105_c1,lu_14674ef2d4b3549e6e37c8d0c252638c908c429685fd1e0b21eee935b6731acf_n0001_m105,1,C0870733,0.991557776927948,International Classification of Diseases
lu_14674ef2d4b3549e6e37c8d0c252638c908c429685fd1e0b21eee935b6731acf_n0001_m105_c2,lu_14674ef2d4b3549e6e37c8d0c252638c908c429685fd1e0b21eee935b6731acf_n0001_m105,2,C1550747,0.991557776927948,between lunch and dinner
lu_14674ef2d4b3549e6e37c8d0c252638c908c429685fd1e0b21eee935b6731acf_n0001_m105_c3,lu_14674ef2d4b3549e6e37c8d0c252638c908c429685fd1e0b21eee935b6731acf_n0001_m105,3,C1137110,0.8909395933151245,"International Statistical Classification of Diseases and Related Health Problems, Tenth Revision (ICD-10)"
lu_14674ef2d4b3549e6e37c8d0c252638c908c429685fd1e0b21eee935b6731acf_n0001_m105_c4,lu_14674ef2d4b3549e6e37c8d0c252638c908c429685fd1e0b21eee935b6731acf_n0001_m105,4,C1136256,0.8238115906715393,ICD Codes
lu_14674ef2d4b3549e6e37c8d0c252638c908c429685fd1e0b21eee935b6731acf_n0001_m110_c0,lu_14674ef2d4b3549e6e37c8d0c252638c908c429685fd1e0b21eee935b6731acf_n0001_m110,0,C2949870,0.9783060550689697,Medial rostrotemporal auditory cortex
lu_14674ef2d4b3549e6e37c8d0c252638c908c429685fd1e0b21eee935b6731acf_n0001_m110_c1,lu_14674ef2d4b3549e6e37c8d0c252638c908c429685fd1e0b21eee935b6731acf_n0001_m110,1,C2951648,0.8074806332588196,Left medial rostrotemporal auditory cortex
lu_14674ef2d4b3549e6e37c8d0c252638c908c429685fd1e0b21eee935b6731acf_n0001_m110_c2,lu_14674ef2d4b3549e6e37c8d0c252638c908c429685fd1e0b21eee935b6731acf_n0001_m110,2,C3180692,0.7230212092399597,MRT 83
lu_14674ef2d4b3549e6e37c8d0c252638c908c429685fd1e0b21eee935b6731acf_n0001_m112_c0,lu_14674ef2d4b3549e6e37c8d0c252638c908c429685fd1e0b21eee935b6731acf_n0001_m112,0,C2949870,0.9783060550689697,Medial rostrotemporal auditory cortex
lu_14674ef2d4b3549e6e37c8d0c252638c908c429685fd1e0b21eee935b6731acf_n0001_m112_c1,lu_14674ef2d4b3549e6e37c8d0c252638c908c429685fd1e0b21eee935b6731acf_n0001_m112,1,C2951648,0.8074806332588196,Left medial rostrotemporal auditory cortex
lu_14674ef2d4b3549e6e37c8d0c252638c908c429685fd1e0b21eee935b6731acf_n0001_m112_c2,lu_14674ef2d4b3549e6e37c8d0c252638c908c429685fd1e0b21eee935b6731acf_n0001_m112,2,C3180692,0.7230212092399597,MRT 83
lu_14674ef2d4b3549e6e37c8d0c252638c908c429685fd1e0b21eee935b6731acf_n0001_m115_c0,lu_14674ef2d4b3549e6e37c8d0c252638c908c429685fd1e0b21eee935b6731acf_n0001_m115,0,C0020725,0.991557776927948,Type II Mucolipidosis
lu_14674ef2d4b3549e6e37c8d0c252638c908c429685fd1e0b21eee935b6731acf_n0001_m115_c1,lu_14674ef2d4b3549e6e37c8d0c252638c908c429685fd1e0b21eee935b6731acf_n0001_m115,1,C0870733,0.991557776927948,International Classification of Diseases
lu_14674ef2d4b3549e6e37c8d0c252638c908c429685fd1e0b21eee935b6731acf_n0001_m115_c2,lu_14674ef2d4b3549e6e37c8d0c252638c908c429685fd1e0b21eee935b6731acf_n0001_m115,2,C1550747,0.991557776927948,between lunch and dinner
lu_14674ef2d4b3549e6e37c8d0c252638c908c429685fd1e0b21eee935b6731acf_n0001_m115_c3,lu_14674ef2d4b3549e6e37c8d0c252638c908c429685fd1e0b21eee935b6731acf_n0001_m115,3,C1137110,0.8909395933151245,"International Statistical Classification of Diseases and Related Health Problems, Tenth Revision (ICD-10)"
lu_14674ef2d4b3549e6e37c8d0c252638c908c429685fd1e0b21eee935b6731acf_n0001_m115_c4,lu_14674ef2d4b3549e6e37c8d0c252638c908c429685fd1e0b21eee935b6731acf_n0001_m115,4,C1136256,0.8238115906715393,ICD Codes
lu_14674ef2d4b3549e6e37c8d0c252638c908c429685fd1e0b21eee935b6731acf_n0001_m120_c0,lu_14674ef2d4b3549e6e37c8d0c252638c908c429685fd1e0b21eee935b6731acf_n0001_m120,0,C2949870,0.9783060550689697,Medial rostrotemporal auditory cortex
lu_14674ef2d4b3549e6e37c8d0c252638c908c429685fd1e0b21eee935b6731acf_n0001_m120_c1,lu_14674ef2d4b3549e6e37c8d0c252638c908c429685fd1e0b21eee935b6731acf_n0001_m120,1,C2951648,0.8074806332588196,Left medial rostrotemporal auditory cortex
lu_14674ef2d4b3549e6e37c8d0c252638c908c429685fd1e0b21eee935b6731acf_n0001_m120_c2,lu_14674ef2d4b3549e6e37c8d0c252638c908c429685fd1e0b21eee935b6731acf_n0001_m120,2,C3180692,0.7230212092399597,MRT 83
lu_14674ef2d4b3549e6e37c8d0c252638c908c429685fd1e0b21eee935b6731acf_n0001_m122_c0,lu_14674ef2d4b3549e6e37c8d0c252638c908c429685fd1e0b21eee935b6731acf_n0001_m122,0,C2949870,0.9783060550689697,Medial rostrotemporal auditory cortex
lu_14674ef2d4b3549e6e37c8d0c252638c908c429685fd1e0b21eee935b6731acf_n0001_m122_c1,lu_14674ef2d4b3549e6e37c8d0c252638c908c429685fd1e0b21eee935b6731acf_n0001_m122,1,C2951648,0.8074806332588196,Left medial rostrotemporal auditory cortex
lu_14674ef2d4b3549e6e37c8d0c252638c908c429685fd1e0b21eee935b6731acf_n0001_m122_c2,lu_14674ef2d4b3549e6e37c8d0c252638c908c429685fd1e0b21eee935b6731acf_n0001_m122,2,C3180692,0.7230212092399597,MRT 83
lu_14674ef2d4b3549e6e37c8d0c252638c908c429685fd1e0b21eee935b6731acf_n0001_m126_c0,lu_14674ef2d4b3549e6e37c8d0c252638c908c429685fd1e0b21eee935b6731acf_n0001_m126,0,C0020725,0.991557776927948,Type II Mucolipidosis
lu_14674ef2d4b3549e6e37c8d0c252638c908c429685fd1e0b21eee935b6731acf_n0001_m126_c1,lu_14674ef2d4b3549e6e37c8d0c252638c908c429685fd1e0b21eee935b6731acf_n0001_m126,1,C0870733,0.991557776927948,International Classification of Diseases
lu_14674ef2d4b3549e6e37c8d0c252638c908c429685fd1e0b21eee935b6731acf_n0001_m126_c2,lu_14674ef2d4b3549e6e37c8d0c252638c908c429685fd1e0b21eee935b6731acf_n0001_m126,2,C1550747,0.991557776927948,between lunch and dinner
lu_14674ef2d4b3549e6e37c8d0c252638c908c429685fd1e0b21eee935b6731acf_n0001_m126_c3,lu_14674ef2d4b3549e6e37c8d0c252638c908c429685fd1e0b21eee935b6731acf_n0001_m126,3,C1137110,0.8909395933151245,"International Statistical Classification of Diseases and Related Health Problems, Tenth Revision (ICD-10)"
lu_14674ef2d4b3549e6e37c8d0c252638c908c429685fd1e0b21eee935b6731acf_n0001_m126_c4,lu_14674ef2d4b3549e6e37c8d0c252638c908c429685fd1e0b21eee935b6731acf_n0001_m126,4,C1136256,0.8238115906715393,ICD Codes
lu_14674ef2d4b3549e6e37c8d0c252638c908c429685fd1e0b21eee935b6731acf_n0001_m129_c0,lu_14674ef2d4b3549e6e37c8d0c252638c908c429685fd1e0b21eee935b6731acf_n0001_m129,0,C2949870,0.9783060550689697,Medial rostrotemporal auditory cortex
lu_14674ef2d4b3549e6e37c8d0c252638c908c429685fd1e0b21eee935b6731acf_n0001_m129_c1,lu_14674ef2d4b3549e6e37c8d0c252638c908c429685fd1e0b21eee935b6731acf_n0001_m129,1,C2951648,0.8074806332588196,Left medial rostrotemporal auditory cortex
lu_14674ef2d4b3549e6e37c8d0c252638c908c429685fd1e0b21eee935b6731acf_n0001_m129_c2,lu_14674ef2d4b3549e6e37c8d0c252638c908c429685fd1e0b21eee935b6731acf_n0001_m129,2,C3180692,0.7230212092399597,MRT 83
lu_14674ef2d4b3549e6e37c8d0c252638c908c429685fd1e0b21eee935b6731acf_n0001_m131_c0,lu_14674ef2d4b3549e6e37c8d0c252638c908c429685fd1e0b21eee935b6731acf_n0001_m131,0,C2949870,0.9783060550689697,Medial rostrotemporal auditory cortex
lu_14674ef2d4b3549e6e37c8d0c252638c908c429685fd1e0b21eee935b6731acf_n0001_m131_c1,lu_14674ef2d4b3549e6e37c8d0c252638c908c429685fd1e0b21eee935b6731acf_n0001_m131,1,C2951648,0.8074806332588196,Left medial rostrotemporal auditory cortex
lu_14674ef2d4b3549e6e37c8d0c252638c908c429685fd1e0b21eee935b6731acf_n0001_m131_c2,lu_14674ef2d4b3549e6e37c8d0c252638c908c429685fd1e0b21eee935b6731acf_n0001_m131,2,C3180692,0.7230212092399597,MRT 83
lu_14674ef2d4b3549e6e37c8d0c252638c908c429685fd1e0b21eee935b6731acf_n0001_m134_c0,lu_14674ef2d4b3549e6e37c8d0c252638c908c429685fd1e0b21eee935b6731acf_n0001_m134,0,C0020725,0.991557776927948,Type II Mucolipidosis
lu_14674ef2d4b3549e6e37c8d0c252638c908c429685fd1e0b21eee935b6731acf_n0001_m134_c1,lu_14674ef2d4b3549e6e37c8d0c252638c908c429685fd1e0b21eee935b6731acf_n0001_m134,1,C0870733,0.991557776927948,International Classification of Diseases
lu_14674ef2d4b3549e6e37c8d0c252638c908c429685fd1e0b21eee935b6731acf_n0001_m134_c2,lu_14674ef2d4b3549e6e37c8d0c252638c908c429685fd1e0b21eee935b6731acf_n0001_m134,2,C1550747,0.991557776927948,between lunch and dinner
lu_14674ef2d4b3549e6e37c8d0c252638c908c429685fd1e0b21eee935b6731acf_n0001_m134_c3,lu_14674ef2d4b3549e6e37c8d0c252638c908c429685fd1e0b21eee935b6731acf_n0001_m134,3,C1137110,0.8909395933151245,"International Statistical Classification of Diseases and Related Health Problems, Tenth Revision (ICD-10)"
lu_14674ef2d4b3549e6e37c8d0c252638c908c429685fd1e0b21eee935b6731acf_n0001_m134_c4,lu_14674ef2d4b3549e6e37c8d0c252638c908c429685fd1e0b21eee935b6731acf_n0001_m134,4,C1136256,0.8238115906715393,ICD Codes
lu_14674ef2d4b3549e6e37c8d0c252638c908c429685fd1e0b21eee935b6731acf_n0001_m139_c0,lu_14674ef2d4b3549e6e37c8d0c252638c908c429685fd1e0b21eee935b6731acf_n0001_m139,0,C2949870,0.9783060550689697,Medial rostrotemporal auditory cortex
lu_14674ef2d4b3549e6e37c8d0c252638c908c429685fd1e0b21eee935b6731acf_n0001_m139_c1,lu_14674ef2d4b3549e6e37c8d0c252638c908c429685fd1e0b21eee935b6731acf_n0001_m139,1,C2951648,0.8074806332588196,Left medial rostrotemporal auditory cortex
lu_14674ef2d4b3549e6e37c8d0c252638c908c429685fd1e0b21eee935b6731acf_n0001_m139_c2,lu_14674ef2d4b3549e6e37c8d0c252638c908c429685fd1e0b21eee935b6731acf_n0001_m139,2,C3180692,0.7230212092399597,MRT 83
lu_14674ef2d4b3549e6e37c8d0c252638c908c429685fd1e0b21eee935b6731acf_n0001_m141_c0,lu_14674ef2d4b3549e6e37c8d0c252638c908c429685fd1e0b21eee935b6731acf_n0001_m141,0,C2949870,0.9783060550689697,Medial rostrotemporal auditory cortex
lu_14674ef2d4b3549e6e37c8d0c252638c908c429685fd1e0b21eee935b6731acf_n0001_m141_c1,lu_14674ef2d4b3549e6e37c8d0c252638c908c429685fd1e0b21eee935b6731acf_n0001_m141,1,C2951648,0.8074806332588196,Left medial rostrotemporal auditory cortex
lu_14674ef2d4b3549e6e37c8d0c252638c908c429685fd1e0b21eee935b6731acf_n0001_m141_c2,lu_14674ef2d4b3549e6e37c8d0c252638c908c429685fd1e0b21eee935b6731acf_n0001_m141,2,C3180692,0.7230212092399597,MRT 83
