Body,Head,HeadCoverage,StdConfidence,PCA,PositiveExamples,Bodysize,PCABodysize,Functionalvariable
?b  hasUserId  ?a   , ?a  hasUserId  ?b,1,1,1,273,273,273,?a
?b  hasAnswerId  ?a   , ?a  hasAnswerId  ?b,1,1,1,271,271,271,?a
?a  hasVisitId  ?b   , ?a  answeredByUser  ?b,1,1,1,3154,3154,3154,?a
?a  answerType  ?b   , ?a  type  ?b,0.06582463,1,1,271,271,271,?a
?a  answeredByUser  ?b   , ?a  hasVisitId  ?b,1,1,1,3154,3154,3154,?a
?a  ResponseCode  ?e  ?e  hasPlatformId  ?b   , ?a  ResponseCode  ?b,0.148698885,1,1,40,40,40,?a
?a  hasAnswerId  ?f  ?f  type  ?b   , ?a  answerType  ?b,1,0.5,0.5,271,542,542,?a
?e  hasAnswerId  ?a  ?e  type  ?b   , ?a  answerType  ?b,1,0.5,0.5,271,542,542,?a
?a  ResponseCode  ?f  ?b  hasPlatformId  ?f   , ?a  ResponseCode  ?b,0.148698885,1,1,40,40,40,?a
?a  isAnswerTo  ?f  ?b  isAnswerTo  ?f   , ?a  hasAnswerId  ?b,1,0.142257218,0.142257218,271,1905,1905,?a
?f  ResponseCode  ?b  ?a  hasAnswerId  ?f   , ?a  ResponseCode  ?b,1,1,1,269,269,269,?a
?e  answerType  ?b  ?e  hasAnswerId  ?a   , ?a  answerType  ?b,1,1,1,271,271,271,?a
?f  answerType  ?b  ?a  hasAnswerId  ?f   , ?a  answerType  ?b,1,1,1,271,271,271,?a
?e  hasAnswerCategory  ?b  ?e  hasAnswerId  ?a   , ?a  hasAnswerCategory  ?b,1,1,1,271,271,271,?a
?f  hasAnswerCategory  ?b  ?a  hasAnswerId  ?f   , ?a  hasAnswerCategory  ?b,1,1,1,271,271,271,?a
?f  hasAnswerId  ?b  ?a  hasAnswerId  ?f   , ?a  hasAnswerId  ?b,1,1,1,271,271,271,?a
?e  ResponseCode  ?b  ?e  hasAnswerId  ?a   , ?a  ResponseCode  ?b,1,1,1,269,269,269,?a
?b  subClassOf  ?f  ?a  type  ?f   , ?a  answerType  ?b,1,0.201486989,0.25,271,1345,1084,?a
?a  ResponseLabel  ?f  ?b  ResponseLabel  ?f   , ?a  hasAnswerId  ?b,1,0.101460127,0.101460127,271,2671,2671,?a
?f  ResponseLabel  ?b  ?a  hasAnswerId  ?f   , ?a  ResponseLabel  ?b,1,1,1,501,501,501,?a
?b  hasQuestionId  ?f  ?a  isAnswerTo  ?f   , ?a  isAnswerTo  ?b,1,1,1,271,271,271,?a
?f  hasQuestionId  ?b  ?a  isAnswerTo  ?f   , ?a  isAnswerTo  ?b,1,1,1,271,271,271,?a
?a  label  ?f  ?b  label  ?f   , ?a  hasUserId  ?b,1,0.985559567,1,273,277,273,?a
?a  hasAnswerId  ?f  ?b  hasAnswerId  ?f   , ?a  hasAnswerId  ?b,1,1,1,271,271,271,?a
?e  ResponseLabel  ?b  ?e  hasAnswerId  ?a   , ?a  ResponseLabel  ?b,1,1,1,501,501,501,?a
?f  hasAnswerId  ?a  ?b  hasAnswerId  ?f   , ?a  hasAnswerId  ?b,1,1,1,271,271,271,?a
?a  hasAnswerId  ?f  ?f  isAnswerTo  ?b   , ?a  isAnswerTo  ?b,1,1,1,271,271,271,?a
?e  hasAnswerId  ?a  ?e  isAnswerTo  ?b   , ?a  isAnswerTo  ?b,1,1,1,271,271,271,?a
?a  hasUserId  ?f  ?b  hasUserId  ?f   , ?a  hasUserId  ?b,1,1,1,273,273,273,?a
?e  hasAnswer  ?a  ?e  rawResponseValue  ?b   , ?a  ResponseCode  ?b,0.843866171,0.603723404,0.606951872,227,376,374,?a
?f  hasUserId  ?a  ?b  hasUserId  ?f   , ?a  hasUserId  ?b,1,1,1,273,273,273,?a
?a  hasQuestionnaireId  ?f  ?f  type  ?b   , ?a  label  ?b,0.010830325,0.375,0.375,3,8,8,?a
?e  hasAnswerId  ?a  ?e  hasAnswerId  ?b   , ?a  hasAnswerId  ?b,1,1,1,271,271,271,?a
?e  hasQuestionnaireId  ?a  ?e  type  ?b   , ?a  label  ?b,0.010830325,0.375,0.375,3,8,8,?a
?e  hasQuestionnaireId  ?a  ?e  label  ?b   , ?a  label  ?b,0.010830325,1,1,3,3,3,?a
?e  hasAnswer  ?a  ?e  hasAnswer  ?b   , ?a  hasAnswerId  ?b,0.870848708,1,1,236,236,236,?a
?b  hasPlatformId  ?f  ?a  rawResponseValue  ?f   , ?a  answeredOnPlatform  ?b,0.040583386,1,1,128,128,128,?a
?e  hasPlatformId  ?b  ?a  rawResponseValue  ?e   , ?a  answeredOnPlatform  ?b,0.040583386,1,1,128,128,128,?a
?e  answeredByUser  ?b  ?e  hasVisitId  ?a   , ?a  hasUserId  ?b,1,1,1,273,273,273,?a
?e  hasUserId  ?a  ?e  hasUserId  ?b   , ?a  hasUserId  ?b,1,1,1,273,273,273,?a
?e  answeredByUser  ?a  ?e  hasVisitId  ?b   , ?a  hasUserId  ?b,1,1,1,273,273,273,?a
?e  hasVisitId  ?a  ?e  hasVisitId  ?b   , ?a  hasUserId  ?b,1,1,1,273,273,273,?a
?f  hasUserId  ?b  ?a  hasUserId  ?f   , ?a  hasUserId  ?b,1,1,1,273,273,273,?a
?e  hasUserId  ?a  ?e  label  ?b   , ?a  label  ?b,0.985559567,1,1,273,273,273,?a
?a  hasUserId  ?e  ?e  label  ?b   , ?a  label  ?b,0.985559567,1,1,273,273,273,?a
?a  hasQuestionnaireId  ?f  ?f  label  ?b   , ?a  label  ?b,0.010830325,1,1,3,3,3,?a
?a  hasQuestion  ?e  ?e  hasQuestionId  ?b   , ?a  hasQuestion  ?b,1,1,1,3154,3154,3154,?a
?e  answeredByUser  ?a  ?e  answeredByUser  ?b   , ?a  hasUserId  ?b,1,1,1,273,273,273,?a
?a  hasAnswer  ?e  ?e  isAnswerTo  ?b   , ?a  hasQuestion  ?b,1,1,1,3154,3154,3154,?a
?e  hasAnswer  ?a  ?e  hasQuestion  ?b   , ?a  isAnswerTo  ?b,0.870848708,1,1,236,236,236,?a
?f  hasPlatformId  ?b  ?a  rawResponseValue  ?f   , ?a  rawResponseValue  ?b,0.040583386,1,1,128,128,128,?a
?a  answerType  ?f  ?f  subClassOf  ?b   , ?a  type  ?b,0.06582463,1,1,271,271,271,?a
?b  hasPlatformId  ?f  ?a  rawResponseValue  ?f   , ?a  rawResponseValue  ?b,0.040583386,1,1,128,128,128,?a
?f  subClassOf  ?b  ?a  type  ?f   , ?a  type  ?b,0.066553316,1,1,274,274,274,?a
?a  answeredOnPlatform  ?f  ?b  hasPlatformId  ?f   , ?a  answeredOnPlatform  ?b,1,1,1,3154,3154,3154,?a
?f  answerType  ?b  ?a  hasAnswerId  ?f   , ?a  type  ?b,0.06582463,1,1,271,271,271,?a
?a  hasQuestionCategory  ?f  ?f  subClassOf  ?b   , ?a  type  ?b,0.010201603,1,1,42,42,42,?a
?a  hasQuestionId  ?f  ?f  type  ?b   , ?a  type  ?b,0.010201603,1,1,42,42,42,?a
?a  hasAnswerId  ?f  ?f  type  ?b   , ?a  type  ?b,0.131649259,1,1,542,542,542,?a
?a  hasUserId  ?f  ?f  type  ?b   , ?a  type  ?b,0.06631042,1,1,273,273,273,?a
?e  hasAnswerId  ?a  ?e  type  ?b   , ?a  type  ?b,0.131649259,1,1,542,542,542,?a
?e  hasQuestionId  ?a  ?e  type  ?b   , ?a  type  ?b,0.010201603,1,1,42,42,42,?a
?e  answerType  ?b  ?e  hasAnswerId  ?a   , ?a  type  ?b,0.06582463,1,1,271,271,271,?a
?e  hasUserId  ?b  ?a  hasVisitId  ?e   , ?a  answeredByUser  ?b,1,1,1,3154,3154,3154,?a
?b  subClassOf  ?f  ?a  type  ?f   , ?a  type  ?b,0.066553316,0.203717472,0.203717472,274,1345,1345,?a
?a  answeredByUser  ?e  ?e  hasUserId  ?b   , ?a  answeredByUser  ?b,1,1,1,3154,3154,3154,?a
?a  hasQuestion  ?f  ?b  hasQuestionId  ?f   , ?a  hasQuestion  ?b,1,1,1,3154,3154,3154,?a
?a  hasAnswer  ?f  ?b  hasAnswerId  ?f   , ?a  hasAnswer  ?b,1,1,1,3154,3154,3154,?a
?a  hasQuestion  ?f  ?b  isAnswerTo  ?f   , ?a  hasAnswer  ?b,1,0.145815996,0.145815996,3154,21630,21630,?a
?b  hasUserId  ?f  ?a  hasVisitId  ?f   , ?a  answeredByUser  ?b,1,1,1,3154,3154,3154,?a
?b  hasUserId  ?f  ?a  hasVisitId  ?f   , ?a  hasVisitId  ?b,1,1,1,3154,3154,3154,?a
?f  ResponseCode  ?b  ?a  hasAnswer  ?f   , ?a  rawResponseValue  ?b,0.877615726,0.928236083,0.928236083,2768,2982,2982,?a
?a  hasAnswer  ?e  ?e  hasAnswerId  ?b   , ?a  hasAnswer  ?b,1,1,1,3154,3154,3154,?a
?e  hasUserId  ?a  ?e  type  ?b   , ?a  type  ?b,0.06631042,1,1,273,273,273,?a
?a  answeredByUser  ?f  ?b  hasUserId  ?f   , ?a  answeredByUser  ?b,1,1,1,3154,3154,3154,?a
?a  answeredByUser  ?f  ?b  hasUserId  ?f   , ?a  hasVisitId  ?b,1,1,1,3154,3154,3154,?a
?e  hasUserId  ?b  ?a  hasVisitId  ?e   , ?a  hasVisitId  ?b,1,1,1,3154,3154,3154,?a
?a  answeredOnPlatform  ?e  ?e  hasPlatformId  ?b   , ?a  answeredOnPlatform  ?b,1,1,1,3154,3154,3154,?a
?a  answeredByUser  ?e  ?e  hasUserId  ?b   , ?a  hasVisitId  ?b,1,1,1,3154,3154,3154,?a
